"","X","...1","Unique.Sample.Identifier","Sampling.Location","Matrix","Sediment.type","Depth.Sample..m.","Sampling.Location.specific","Mean.slope","Depth.river","Active.overflow","Nearby.vegetation","NaturalBank","width","meandering","Outside_insideBend","shortest.distance.from.shore","radius..degree.","radius..km.","area..km..","RWZI..nr.","Waste.facilities..nr.","agriculture..km..","industry...km..","transport...km..","urban...km..","water...km..","nature...km..","recreation...km..","waste...km..","human.foot.print","ecotope","pixels.at.flood.risk","km..at.flood.risk","X..buffer.at.flood.risk","total.flooding.depth.in.buffer","average.flooding.depth.in.buffer","pop20","pop22","pop21","Pop_AVG","pop_dens","tot_precip","mean_temp","mean_windspeed","mean_winddirection","mean_pressure","mean_cloudiness","tot_precip_mean","mean_temp_mean","mean_windspeed_mean","mean_winddirection_mean","mean_pressure_mean","mean_cloudiness_mean","tot_precip_TOT","Proximity_sea","Port_river","Natural_NonNatural","TotalPointDischarge","PointDischarge","PopulationDensity","HFP","Date","Season"
"1",1,132,"MAC_S_002","River Scheldt (Doel)","Sediment","Sand",9,"Doel",0.0374158921544889,843,0,"Yes","Yes",1245.45,"Yes","Middle",431.8,0.025,2.18509686118416,15,0,0,1.265,4.679,0.765,0.513,6.426,1.332,0,0,30.9240506329114,"Diep Subtidaal",146,1.86588,0.0492608548121032,228.88799649477,1.56772600338884,NA,NA,NA,NA,24170,0,1.28695652173913,1.20326086956522,100.32,1004.27391304348,NA,0.766666666666663,1.47759661835749,1.89173973429952,131.048300395256,1001.74963768116,NA,2.29999999999999,"Inland","River","Highly Natural",0,"Low","Moderate","Moderate","2020-12-08","Winter"
"2",2,133,"MAC_S_003","River Scheldt (Antwerpen)","Sediment","Sludge",11,"Antwerp",0.470055991739951,578,4,"No","No",440.237,"Yes","Middle",177.35,0.025,2.18509686118416,15,1,4,0,2.523,1.66,6.144,2.503,2.185,0.001,0,20.9269841269841,"Diep Subtidaal",111,1.41858,0.0374517457818045,381.646991938353,3.43826118863381,NA,NA,NA,NA,38829,0,1.33478260869565,1,137.368421052631,1003.82173913043,4.82608695652174,0,1.37826086956522,1.65277777777777,142.872807017544,1001.34057971014,5.67814009661835,0,"Inland","River","Moderate natural",9,"High","High","Moderate","2020-12-08","Winter"
"3",3,134,"MAC_S_004","Port of Oostende (A)","Sediment","Sludge",4,"Ostend (A)",0.37946545682972,NA,0,"No","No",18.64,"No",NA,502.047,0.025,2.18509686118416,15,0,0,0,2.009,0.208,3.826,8.503,0.004,0.457,0,38.55,"Antropogeen",NA,0,0,NA,NA,NA,NA,NA,NA,12185,0.5,15.3681818181818,4.77272727272726,312.727272727272,1015.73636363636,5.18181818181817,6.16666666666667,15.8685606060606,5.41035353535353,264.659090909091,1015.00517676767,6.6300505050505,18.5,"Coastal","Port","Moderate natural",0,"Low","Moderate","Moderate","2020-07-10","Summer"
"4",4,135,"MAC_S_005","Port of Oostende (B)","Sediment","Sludge",9.2,"Ostend (B)",0.350893299484996,NA,0,"No","No",42.056,"No",NA,88.881,0.025,2.18509686118416,15,0,0,0.065,3.067,0.385,5.525,5.48,0.068,0.418,0,28.6181818181818,"Antropogeen",1,0.01278,0.00033740311515139,0.100000001490116,0.100000001490116,NA,NA,NA,NA,18355,0.5,15.3681818181818,4.77272727272726,312.727272727272,1015.73636363636,5.18181818181817,6.16666666666667,15.8685606060606,5.41035353535353,264.659090909091,1015.00517676767,6.6300505050505,18.5,"Coastal","Port","Moderate natural",0,"Low","Moderate","Moderate","2020-07-10","Summer"
"5",5,136,"MAC_S_006","Port of Oostende (C)","Sediment","Sludge",4,"Ostend (C)",0.313189285616458,NA,1,"No","No",12.742,"No",NA,116.333,0.025,2.18509686118416,15,1,0,0.869,4.401,0.523,5.76,2.969,0.069,0.418,0,34.3773734177215,"Antropogeen",1,0.01278,0.00033740311515139,0.100000001490116,0.100000001490116,NA,NA,NA,NA,23412,0.5,15.3681818181818,4.77272727272726,312.727272727272,1015.73636363636,5.18181818181817,6.16666666666667,15.8685606060606,5.41035353535353,264.659090909091,1015.00517676767,6.6300505050505,18.5,"Coastal","Port","Low natural",2,"Moderate","Moderate","Moderate","2020-07-10","Summer"
"6",6,137,"MAC_S_007","Port of Nieuwpoort (A)","Sediment","Sand",4.6,"Nieuwpoort (A)",0.59815727776823,NA,2,"No","No",109.485,"No",NA,25.323,0.025,2.18509686118416,15,0,0,1.068,0.408,0,2.138,9.052,1.397,0.971,0,59.6842105263158,"Antropogeen",NA,0,0,NA,NA,NA,NA,NA,NA,2278,1.2,12.7681818181818,7.81818181818182,267.727272727272,1012.07727272727,6,5.33333333333333,12.9366161616161,7.82828282828283,240.770202020202,1002.37575757576,6.18055555555555,16,"Coastal","Port","Highly Natural",2,"Moderate","Low","High","2020-10-07","Autumn"
"7",7,138,"MAC_S_008","Port of Nieuwpoort (B)","Sediment","Sludge",4,"Nieuwpoort (B)",0.415132728478322,NA,0,"No","No",13.162,"No",NA,61.83,0.025,2.18509686118416,15,0,0,3.941,1.458,0,4.374,2.709,1.141,1.413,0,47.25,"Antropogeen",NA,0,0,NA,NA,NA,NA,NA,NA,4439,1.2,12.7681818181818,7.81818181818182,267.727272727272,1012.07727272727,6,5.33333333333333,12.9366161616161,7.82828282828283,240.770202020202,1002.37575757576,6.18055555555555,16,"Coastal","Port","Low natural",0,"Low","Low","High","2020-10-07","Autumn"
"8",8,139,"MAC_S_009","Port of Nieuwpoort (C)","Sediment","Sludge",2.5,"Nieuwpoort (C)",0.324895425986018,NA,1,"No","No",20.61,"No",NA,96.6,0.025,2.18509686118416,15,0,1,5.45,1.543,0.223,3.562,1.066,0.443,1.374,0,41.8,"Antropogeen",NA,0,0,NA,NA,NA,NA,NA,NA,4967,1.2,12.7681818181818,7.81818181818182,267.727272727272,1012.07727272727,6,5.33333333333333,12.9366161616161,7.82828282828283,240.770202020202,1002.37575757576,6.18055555555555,16,"Coastal","Port","Low natural",2,"Moderate","Low","High","2020-10-07","Autumn"
"9",9,140,"MAC_S_010","River Scheldt (Temse)","Sediment","Sand",4,"Temse",0.692196088302361,470,3,"Yes","Yes",138.086,"No",NA,32.053,0.025,2.18509686118416,15,3,0,7.248,0.19,0,4.425,1.478,1.705,0,0,50.8391167192429,"Matig Diep Subtidaal",440,5.6232,0.148457370666612,822.980994567275,1.87041135128926,NA,NA,NA,NA,9459,0,9.38260869565216,3.8695652173913,222.272727272727,997.265217391303,7.04347826086956,0,6.81642512077294,3.30374396135265,197.007575757576,997.307850241545,7.36171497584541,0,"Inland","River","Low natural",6,"High","Low","High","2021-02-03","Winter"
"10",10,141,"MAC_S_011","Port of Nieuwpoort (A)","Sediment","Sludge+sand",10,"Nieuwpoort (A)",0.59815727776823,NA,2,"No","No",109.485,"No",NA,25.323,0.025,2.18509686118416,15,0,0,1.068,0.408,0,2.138,9.052,1.397,0.971,0,59.6842105263158,"Antropogeen",NA,0,0,NA,NA,NA,NA,NA,NA,2282,2.6,6.59565217391303,9.34782608695651,232.608695652173,1004.99130434783,5.26086956521738,1.23333333333333,7.09160628019323,10.1020531400966,221.980676328502,1005.58737922706,5.90640096618357,3.7,"Coastal","Port","Highly Natural",2,"Moderate","Low","High","2021-03-12","Spring"
"11",11,142,"MAC_S_012","Port of Nieuwpoort (B)","Sediment","Sludge",5,"Nieuwpoort (B)",0.415132728478322,NA,0,"No","No",13.162,"No",NA,61.83,0.025,2.18509686118416,15,0,0,3.941,1.458,0,4.374,2.709,1.141,1.413,0,47.25,"Antropogeen",NA,0,0,NA,NA,NA,NA,NA,NA,4448,2.6,6.59565217391303,9.34782608695651,232.608695652173,1004.99130434783,5.26086956521738,1.23333333333333,7.09160628019323,10.1020531400966,221.980676328502,1005.58737922706,5.90640096618357,3.7,"Coastal","Port","Low natural",0,"Low","Low","High","2021-03-12","Spring"
"12",12,143,"MAC_S_013","Port of Nieuwpoort (C)","Sediment","Sand",8,"Nieuwpoort (C)",0.324895425986018,NA,1,"No","No",20.61,"No",NA,96.6,0.025,2.18509686118416,15,0,1,5.45,1.543,0.223,3.562,1.066,0.443,1.374,0,41.8,"Antropogeen",NA,0,0,NA,NA,NA,NA,NA,NA,4977,2.6,6.59565217391303,9.34782608695651,232.608695652173,1004.99130434783,5.26086956521738,1.23333333333333,7.09160628019323,10.1020531400966,221.980676328502,1005.58737922706,5.90640096618357,3.7,"Coastal","Port","Low natural",2,"Moderate","Low","High","2021-03-12","Spring"
"13",13,144,"MAC_S_014","River Scheldt (Wintam)","Sediment","Sand",10,"Wintam",0.578952432274277,1182,4,"Yes","Yes",162.84,"Yes","Middle",62.325,0.025,2.18509686118416,15,0,2,4.883,0.85,0,3.525,2.832,2.956,0,0,37.4145569620253,"Diep Subtidaal",550,7.029,0.185571713333265,1098.52699995786,1.9973218181052,NA,NA,NA,NA,14223,0,8.97173913043478,3.17391304347825,33.4782608695651,1018.3347826087,5.54545454545455,0,10.1653660349313,3.06117614269788,134.556856187291,1016.76020531401,6.15227526097092,0,"Inland","River","Moderate natural",6,"High","Moderate","Moderate","2020-10-14","Autumn"
"14",14,145,"MAC_S_015","Port of Oostende (A)","Sediment","Sludge",3,"Ostend (A)",0.37946545682972,NA,0,"No","No",18.64,"No",NA,502.047,0.025,2.18509686118416,15,0,0,0,2.009,0.208,3.826,8.503,0.004,0.457,0,38.55,"Antropogeen",NA,0,0,NA,NA,NA,NA,NA,NA,12204,4.4,3.18260869565217,5.78260869565217,181.739130434782,1022.36086956522,7.21739130434782,1.46666666666667,-0.629408212560387,6.35809178743961,145.857487922705,1029.9786231884,5.04468599033816,4.4,"Coastal","Port","Moderate natural",0,"Low","Moderate","Moderate","2021-02-15","Winter"
"15",15,146,"MAC_S_016","Port of Oostende (B)","Sediment","Sludge",6,"Ostend (B)",0.350893299484996,NA,0,"No","No",42.056,"No",NA,88.881,0.025,2.18509686118416,15,0,0,0.065,3.067,0.385,5.525,5.48,0.068,0.418,0,28.6181818181818,"Antropogeen",1,0.01278,0.00033740311515139,0.100000001490116,0.100000001490116,NA,NA,NA,NA,18379,4.4,3.18260869565217,5.78260869565217,181.739130434782,1022.36086956522,7.21739130434782,1.46666666666667,-0.629408212560387,6.35809178743961,145.857487922705,1029.9786231884,5.04468599033816,4.4,"Coastal","Port","Moderate natural",0,"Low","Moderate","Moderate","2021-02-15","Winter"
"16",16,147,"MAC_S_017","Port of Oostende (C)","Sediment","Sludge",6,"Ostend (C)",0.313189285616458,NA,1,"No","No",12.742,"No",NA,116.333,0.025,2.18509686118416,15,1,0,0.869,4.401,0.523,5.76,2.969,0.069,0.418,0,34.3773734177215,"Antropogeen",1,0.01278,0.00033740311515139,0.100000001490116,0.100000001490116,NA,NA,NA,NA,23441,4.4,3.18260869565217,5.78260869565217,181.739130434782,1022.36086956522,7.21739130434782,1.46666666666667,-0.629408212560387,6.35809178743961,145.857487922705,1029.9786231884,5.04468599033816,4.4,"Coastal","Port","Low natural",2,"Moderate","Moderate","Moderate","2021-02-15","Winter"
"17",17,148,"MAC_S_018","Port of Antwerp (Vijfde Havendok)","Sediment","Sludge+sand",10,"Vijfde Havendok",0.365489811353062,761,1,"No","No",277.86,"No",NA,43.311,0.025,2.18509686118416,15,0,0,0,6.846,0.123,1.667,4.557,1.019,0.792,0,33.0134813639968,"Antropogeen",22,0.28116,0.00742286853333062,26.7339999675751,1.21518181670796,NA,NA,NA,NA,38933,0,19.9958333333333,2.145125,66.2458333333332,1020.55833333333,NA,0,19.3416666666666,2.21636111111111,143.752958937198,1023.05,NA,0,"Inland","Port","Moderate natural",1,"Low","High","Moderate","2021-06-15","Summer"
"18",18,149,"MAC_S_019","River Scheldt (Doel)","Sediment","Sludge",10,"Doel",0.0374158921544889,843,0,"Yes","Yes",1245.45,"Yes","Middle",431.8,0.025,2.18509686118416,15,0,0,1.265,4.679,0.765,0.513,6.426,1.332,0,0,30.9240506329114,"Diep Subtidaal",146,1.86588,0.0492608548121032,228.88799649477,1.56772600338884,NA,NA,NA,NA,24170,0,9.60454545454545,2.786,91.6045454545455,1021.60454545455,NA,0,9.77373737373738,3.10917753623188,82.3558025911288,1017.68303689065,NA,0,"Inland","River","Highly Natural",0,"Low","Moderate","Moderate","2020-10-15","Autumn"
"19",19,150,"MAC_S_020","River Scheldt (Antwerpen)","Sediment","Sand",7,"Antwerp",0.470055991739951,578,4,"No","No",440.237,"Yes","Middle",177.35,0.025,2.18509686118416,15,1,4,0,2.523,1.66,6.144,2.503,2.185,0.001,0,20.9269841269841,"Diep Subtidaal",111,1.41858,0.0374517457818045,381.646991938353,3.43826118863381,NA,NA,NA,NA,38829,0,9.71818181818182,3.54545454545454,54.0909090909091,1021.05909090908,6.54545454545455,0,9.7021958717611,3.44812252964426,71.6897233201581,1017.24656895037,6.21870882740448,0,"Inland","River","Moderate natural",9,"High","High","Moderate","2020-10-15","Autumn"
"20",20,151,"MAC_S_021","Port of Antwerp (Doeldok)","Sediment","Sludge",7,"Doeldok",0.101967214843083,70,0,"Yes","No",572.789,"No",NA,64.5,0.025,2.18509686118416,15,0,0,3.599,7.037,0,0.001,3.862,0.493,0,0,28.0341540905481,"Antropogeen",376,4.80528,0.126863571296923,476.506003022194,1.26730319952711,NA,NA,NA,NA,4812,0,23.1727272727273,1.91895454545455,130.963636363636,1013.96818181818,NA,0,21.2409090909091,2.24569318181818,135.391562362758,1018.59633838384,NA,0,"Inland","Port","Moderate natural",0,"Low","Low","Moderate","2021-06-16","Summer"
"21",21,152,"MAC_S_022","North Sea Port (Grootdok)","Sediment","Sludge+sand",4,"Grootdok",0.353132768196688,852,1,"No","No",129.727,"No",NA,8.854,0.025,2.18509686118416,15,0,3,0.399,5.645,1.14,6.04,1.835,0,0,0,44.0952380952381,"Antropogeen",314,4.01292,0.105944578157537,388.468000717461,1.2371592379537,NA,NA,NA,NA,25132,14.2,11.5875,4.76183333333333,250.783333333332,1004.9375,NA,6.83333333333333,11.05,3.76404166666666,218.796437198067,1003.28333333333,NA,20.5,"Inland","Port","Low natural",4,"Moderate","Moderate","High","2021-05-17","Spring"
"22",22,153,"MAC_S_023","North Sea Port (Ringvaart)","Sediment","Sludge",3,"Ringvaart",0.194950200522831,147,3,"No","No",177.861,"No",NA,10,0.025,2.18509686118416,15,1,0,1.633,6.361,0.301,4.427,2.326,0,0,0,31.4889064976228,"Antropogeen",257,3.28446,0.0867126005939077,285.37400008738,1.1104046696007,NA,NA,NA,NA,19830,14.2,11.5875,4.76183333333333,250.783333333332,1004.9375,NA,6.83333333333333,11.05,3.76404166666666,218.796437198067,1003.28333333333,NA,20.5,"Inland","Port","Low natural",4,"Moderate","Moderate","Moderate","2021-05-17","Spring"
"23",23,154,"MAC_S_024","North Sea Port (Sifferdok)","Sediment","Sludge",13,"Sifferdok",0.200796813704073,970,0,"No","No",334.245,"No",NA,47.474,0.025,2.18509686118416,15,0,1,0.979,5.725,0.307,5.751,2.292,0,0,0,36.553125,"Antropogeen",107,1.36746,0.0361021333211989,164.126999765635,1.53389719407135,NA,NA,NA,NA,25123,14.2,11.5875,4.76183333333333,250.783333333332,1004.9375,NA,6.83333333333333,11.05,3.76404166666666,218.796437198067,1003.28333333333,NA,20.5,"Inland","Port","Low natural",1,"Low","Moderate","Moderate","2021-05-17","Spring"
"24",24,155,"MAC_S_025","Port of Oostende (A)","Sediment","Sludge+sand",3,"Ostend (A)",0.37946545682972,NA,0,"No","No",18.64,"No",NA,502.047,0.025,2.18509686118416,15,0,0,0,2.009,0.208,3.826,8.503,0.004,0.457,0,38.55,"Antropogeen",NA,0,0,NA,NA,NA,NA,NA,NA,12185,3.9,11.1583333333332,6,209.583333333333,1023.27083333333,7.25,7.3,10.9444444444443,7.06944444444444,214.305555555555,1012.90555555555,6.36111111111111,21.9,"Coastal","Port","Moderate natural",0,"Low","Moderate","Moderate","2020-11-17","Autumn"
"25",25,156,"MAC_S_026","Port of Oostende (B)","Sediment","Sludge",11,"Ostend (B)",0.350893299484996,NA,0,"No","No",42.056,"No",NA,88.881,0.025,2.18509686118416,15,0,0,0.065,3.067,0.385,5.525,5.48,0.068,0.418,0,28.6181818181818,"Antropogeen",1,0.01278,0.00033740311515139,0.100000001490116,0.100000001490116,NA,NA,NA,NA,18355,3.9,11.1583333333332,6,209.583333333333,1023.27083333333,7.25,7.3,10.9444444444443,7.06944444444444,214.305555555555,1012.90555555555,6.36111111111111,21.9,"Coastal","Port","Moderate natural",0,"Low","Moderate","Moderate","2020-11-17","Autumn"
"26",26,157,"MAC_S_027","Port of Oostende (C)","Sediment","Sludge",6,"Ostend (C)",0.313189285616458,NA,1,"No","No",12.742,"No",NA,116.333,0.025,2.18509686118416,15,1,0,0.869,4.401,0.523,5.76,2.969,0.069,0.418,0,34.3773734177215,"Antropogeen",1,0.01278,0.00033740311515139,0.100000001490116,0.100000001490116,NA,NA,NA,NA,23412,3.9,11.1583333333332,6,209.583333333333,1023.27083333333,7.25,7.3,10.9444444444443,7.06944444444444,214.305555555555,1012.90555555555,6.36111111111111,21.9,"Coastal","Port","Low natural",2,"Moderate","Moderate","Moderate","2020-11-17","Autumn"
"27",27,158,"MAC_S_028","North Sea Port (Mercatordok)","Sediment","Sludge",10,"Mercatordok",0.182634954197605,609,1,"No","No",230,"No",NA,10,0.025,2.18509686118416,15,0,0,2.55,6.847,0,3.855,1.775,0.019,0,0,34.7619047619048,"Antropogeen",176,2.24928,0.059382948266645,317.08699914813,1.80163067697801,NA,NA,NA,NA,21425,12.1,12.3409090909091,3.35536363636364,267.131818181818,1013.7,NA,9.23333333333333,11.7372474747474,3.91816287878788,242.49255050505,1006.63194444444,NA,27.7,"Inland","Port","Low natural",1,"Low","Moderate","Moderate","2021-05-18","Spring"
"28",28,159,"MAC_S_029","North Sea Port (Insteekdok Zelzate)","Sediment","Sand",6,"Insteekdok",0.167465243092528,236,2,"Yes","No",74.034,"No",NA,10,0.025,2.18509686118416,15,1,0,1.948,5.479,0,4.55,1.306,1.736,0,0,39.5789473684211,"Antropogeen",77,0.98406,0.0259800398666572,117.4650003016,1.52551948443636,NA,NA,NA,NA,16934,0.05,12.5,4.09999999999999,268,1013.6,NA,5.15,11.7666666666667,4.36666666666666,245.333333333333,1006.26666666667,NA,15.45,"Inland","Port","Moderate natural",3,"Moderate","Moderate","Moderate","2021-05-18","Spring"
"29",29,160,"MAC_S_030","North Sea Port (Kluizendok)","Sediment","Sludge",5,"Kluizendok",0.204210430989968,934,0,"No","No",211.259,"No",NA,10,0.025,2.18509686118416,15,0,0,2.472,6.532,0.266,0.957,2.51,2.208,0.085,0,28.0526315789474,"Antropogeen",102,1.30356,0.034415117745442,213.639999806881,2.09450980202825,NA,NA,NA,NA,20726,0.05,12.5,4.09999999999999,268,1013.6,NA,5.15,11.7666666666667,4.36666666666666,245.333333333333,1006.26666666667,NA,15.45,"Inland","Port","Moderate natural",0,"Low","Moderate","Moderate","2021-05-18","Spring"
"30",30,161,"MAC_S_031","Port of Nieuwpoort (A)","Sediment","Sludge+sand",3,"Nieuwpoort (A)",0.59815727776823,NA,2,"No","No",109.485,"No",NA,25.323,0.025,2.18509686118416,15,0,0,1.068,0.408,0,2.138,9.052,1.397,0.971,0,59.6842105263158,"Antropogeen",NA,0,0,NA,NA,NA,NA,NA,NA,2278,0,11.6,6,192.916666666667,1019.65,4.25,2.63333333333333,10.9458333333333,6.41666666666667,214.027777777778,1018.88472222222,5.83333333333333,7.9,"Coastal","Port","Highly Natural",2,"Moderate","Low","High","2020-11-18","Autumn"
"31",31,162,"MAC_S_032","Port of Nieuwpoort (B)","Sediment","Sludge",4,"Nieuwpoort (B)",0.415132728478322,NA,0,"No","No",13.162,"No",NA,61.83,0.025,2.18509686118416,15,0,0,3.941,1.458,0,4.374,2.709,1.141,1.413,0,47.25,"Antropogeen",NA,0,0,NA,NA,NA,NA,NA,NA,4439,0,11.6,6,192.916666666667,1019.65,4.25,2.63333333333333,10.9458333333333,6.41666666666667,214.027777777778,1018.88472222222,5.83333333333333,7.9,"Coastal","Port","Low natural",0,"Low","Low","High","2020-11-18","Autumn"
"32",32,163,"MAC_S_033","Port of Nieuwpoort (C)","Sediment","Sludge",4,"Nieuwpoort (C)",0.324895425986018,NA,1,"No","No",20.61,"No",NA,96.6,0.025,2.18509686118416,15,0,1,5.45,1.543,0.223,3.562,1.066,0.443,1.374,0,41.8,"Antropogeen",NA,0,0,NA,NA,NA,NA,NA,NA,4967,0,11.6,6,192.916666666667,1019.65,4.25,2.63333333333333,10.9458333333333,6.41666666666667,214.027777777778,1018.88472222222,5.83333333333333,7.9,"Coastal","Port","Low natural",2,"Moderate","Low","High","2020-11-18","Autumn"
"33",33,164,"MAC_S_034","Port of Antwerp (Schelde Rijn kanaal)","Sediment","Sludge",6,"Schelde Rijn kanaal",0.176334851429806,NA,0,"No","No",322.285,"No",NA,27.459,0.025,2.18509686118416,15,0,0,6.489,1.668,1.179,1.726,2.279,1.34,0,0.284,30.7870150435471,"Antropogeen",0,0,0,0,NA,NA,NA,NA,NA,31646,5.5,8.93478260869565,5.45008695652173,270.195652173913,1023.73043478261,NA,1.96666666666667,11.4213164251208,5.99725120772946,220.366606280193,1022.67125603865,NA,5.9,"Inland","Port","Low natural",0,"Low","High","Moderate","2020-11-19","Autumn"
"34",34,165,"MAC_S_035","Port of Antwerp (Kanaaldok)","Sediment","Sludge",4,"Kanaaldok",0.0381474224480696,217,0,"No","No",402.531,"No",NA,45.849,0.025,2.18509686118416,15,1,0,0,6.619,1.913,0.224,4.565,0.606,0,1.055,31.5893141945774,"Antropogeen",12,0.15336,0.0040488373818167,9.71499997377396,0.80958333114783,NA,NA,NA,NA,37507,5.5,8.93478260869565,5.45008695652173,270.195652173913,1023.73043478261,NA,1.96666666666667,11.4213164251208,5.99725120772946,220.366606280193,1022.67125603865,NA,5.9,"Inland","Port","Moderate natural",1,"Low","High","Moderate","2020-11-19","Autumn"
"35",35,166,"MAC_S_037","River Scheldt (Doel)","Sediment","Sludge",10,"Doel",0.0374158921544889,843,0,"Yes","Yes",1245.45,"Yes","Middle",431.8,0.025,2.18509686118416,15,0,0,1.265,4.679,0.765,0.513,6.426,1.332,0,0,30.9240506329114,"Diep Subtidaal",146,1.86588,0.0492608548121032,228.88799649477,1.56772600338884,NA,NA,NA,NA,24178,0,9.52083333333333,3.46974999999999,163.445833333333,1019.84166666667,NA,0.133333333333333,9.59166666666665,2.34124999999999,191.647295321637,1019.625,NA,0.4,"Inland","River","Highly Natural",0,"Low","Moderate","Moderate","2021-04-21","Spring"
"36",36,167,"MAC_S_038","River Scheldt (Antwerpen)","Sediment","Sand",7,"Antwerp",0.470055991739951,578,4,"No","No",440.237,"Yes","Middle",177.35,0.025,2.18509686118416,15,1,4,0,2.523,1.66,6.144,2.503,2.185,0.001,0,20.9269841269841,"Diep Subtidaal",111,1.41858,0.0374517457818045,381.646991938353,3.43826118863381,NA,NA,NA,NA,38844,0,16.8818181818182,4.68181818181817,336.363636363635,1017.28181818182,6.68181818181817,0,17.1425505050505,3.74116161616161,176.499231444883,1022.62171717172,3.29671717171717,0,"Inland","River","Moderate natural",9,"High","High","Moderate","2021-08-26","Summer"
"37",37,168,"MAC_S_039","Port of Oostende (B)","Sediment","Sludge",7,"Ostend (B)",0.350893299484996,NA,0,"No","No",42.056,"No",NA,88.881,0.025,2.18509686118416,15,0,0,0.065,3.067,0.385,5.525,5.48,0.068,0.418,0,28.6181818181818,"Antropogeen",1,0.01278,0.00033740311515139,0.100000001490116,0.100000001490116,NA,NA,NA,NA,18379,0,8.29583333333333,4.66666666666666,72.5,1010.37083333333,3.54166666666667,0,7.52916666666667,6.12499999999999,55,1019.46944444444,3,0,"Coastal","Port","Moderate natural",0,"Low","Moderate","Moderate","2021-04-27","Spring"
"38",38,169,"MAC_S_040","Port of Nieuwpoort (A)","Sediment","Sand",4.5,"Nieuwpoort (A)",0.59815727776823,NA,2,"No","No",109.485,"No",NA,25.323,0.025,2.18509686118416,15,0,0,1.068,0.408,0,2.138,9.052,1.397,0.971,0,59.6842105263158,"Antropogeen",NA,0,0,NA,NA,NA,NA,NA,NA,2278,0,13.5041666666667,1.875,233.043478260869,1011,1.83333333333332,0.433333333333333,15.1583333333334,3,158.426108915239,1015.10555555555,1.79166666666666,1.3,"Coastal","Port","Highly Natural",2,"Moderate","Low","High","2020-09-22","Autumn"
"39",39,170,"MAC_S_041","Port of Nieuwpoort (B)","Sediment","Sludge",4,"Nieuwpoort (B)",0.415132728478322,NA,0,"No","No",13.162,"No",NA,61.83,0.025,2.18509686118416,15,0,0,3.941,1.458,0,4.374,2.709,1.141,1.413,0,47.25,"Antropogeen",NA,0,0,NA,NA,NA,NA,NA,NA,4439,0,13.5041666666667,1.875,233.043478260869,1011,1.83333333333332,0.433333333333333,15.1583333333334,3,158.426108915239,1015.10555555555,1.79166666666666,1.3,"Coastal","Port","Low natural",0,"Low","Low","High","2020-09-22","Autumn"
"40",40,171,"MAC_S_042","Port of Nieuwpoort (C)","Sediment","Sludge",1,"Nieuwpoort (C)",0.324895425986018,NA,1,"No","No",20.61,"No",NA,96.6,0.025,2.18509686118416,15,0,1,5.45,1.543,0.223,3.562,1.066,0.443,1.374,0,41.8,"Antropogeen",NA,0,0,NA,NA,NA,NA,NA,NA,4967,0,13.5041666666667,1.875,233.043478260869,1011,1.83333333333332,0.433333333333333,15.1583333333334,3,158.426108915239,1015.10555555555,1.79166666666666,1.3,"Coastal","Port","Low natural",2,"Moderate","Low","High","2020-09-22","Autumn"
"41",41,172,"MAC_S_043","Port of Oostende (A)","Sediment","Sludge",9,"Ostend (A)",0.37946545682972,NA,0,"No","No",18.64,"No",NA,502.047,0.025,2.18509686118416,15,0,0,0,2.009,0.208,3.826,8.503,0.004,0.457,0,38.55,"Antropogeen",NA,0,0,NA,NA,NA,NA,NA,NA,12185,32.1,12.3727272727273,6.31818181818182,209.545454545454,999.595454545455,4.68181818181817,14.0333333333333,13.9089646464647,4.31439393939394,215.58519982433,1004.5095959596,4.3800505050505,42.1,"Coastal","Port","Moderate natural",0,"Low","Moderate","Moderate","2020-09-24","Autumn"
"42",42,173,"MAC_S_044","Port of Oostende (B)","Sediment","Sludge",10.5,"Ostend (B)",0.350893299484996,NA,0,"No","No",42.056,"No",NA,88.881,0.025,2.18509686118416,15,0,0,0.065,3.067,0.385,5.525,5.48,0.068,0.418,0,28.6181818181818,"Antropogeen",1,0.01278,0.00033740311515139,0.100000001490116,0.100000001490116,NA,NA,NA,NA,18355,32.1,12.3727272727273,6.31818181818182,209.545454545454,999.595454545455,4.68181818181817,14.0333333333333,13.9089646464647,4.31439393939394,215.58519982433,1004.5095959596,4.3800505050505,42.1,"Coastal","Port","Moderate natural",0,"Low","Moderate","Moderate","2020-09-24","Autumn"
"43",43,174,"MAC_S_045","Port of Oostende (C)","Sediment","Sludge",6,"Ostend (C)",0.313189285616458,NA,1,"No","No",12.742,"No",NA,116.333,0.025,2.18509686118416,15,1,0,0.869,4.401,0.523,5.76,2.969,0.069,0.418,0,34.3773734177215,"Antropogeen",1,0.01278,0.00033740311515139,0.100000001490116,0.100000001490116,NA,NA,NA,NA,23412,32.1,12.3727272727273,6.31818181818182,209.545454545454,999.595454545455,4.68181818181817,14.0333333333333,13.9089646464647,4.31439393939394,215.58519982433,1004.5095959596,4.3800505050505,42.1,"Coastal","Port","Low natural",2,"Moderate","Moderate","Moderate","2020-09-24","Autumn"
"44",44,175,"MAC_S_047","River Scheldt (Doel)","Sediment","Sludge+sand",12,"Doel",0.0374158921544889,843,0,"Yes","Yes",1245.45,"Yes","Middle",431.8,0.025,2.18509686118416,15,0,0,1.265,4.679,0.765,0.513,6.426,1.332,0,0,30.9240506329114,"Diep Subtidaal",146,1.86588,0.0492608548121032,228.88799649477,1.56772600338884,NA,NA,NA,NA,24178,1.3,4.42608695652173,5.15517391304348,206.752173913043,1012.76086956522,NA,1.23333333333333,4.00036231884057,4.91397463768116,225.820169082125,1012.06612318841,NA,3.7,"Inland","River","Highly Natural",0,"Low","Moderate","Moderate","2021-01-27","Winter"
"45",45,176,"MAC_S_048","River Scheldt (Antwerpen)","Sediment","Sand",6,"Antwerp",0.470055991739951,578,4,"No","No",440.237,"Yes","Middle",177.35,0.025,2.18509686118416,15,1,4,0,2.523,1.66,6.144,2.503,2.185,0.001,0,20.9269841269841,"Diep Subtidaal",111,1.41858,0.0374517457818045,381.646991938353,3.43826118863381,NA,NA,NA,NA,38844,0,4.02173913043477,4.34782608695651,215.217391304348,1012.52608695652,8,0,3.73502415458936,4.14371980676328,215.905797101449,1011.81147342995,6.86111111111111,0,"Inland","River","Moderate natural",9,"High","High","Moderate","2021-01-27","Winter"
"46",46,177,"MAC_S_049","Port of Oostende (A)","Sediment","Sludge",4,"Ostend (A)",0.37946545682972,NA,0,"No","No",18.64,"No",NA,502.047,0.025,2.18509686118416,15,0,0,0,2.009,0.208,3.826,8.503,0.004,0.457,0,38.55,"Antropogeen",NA,0,0,NA,NA,NA,NA,NA,NA,12204,0,8.29583333333333,4.66666666666666,72.5,1010.37083333333,3.54166666666667,0,7.52916666666667,6.12499999999999,55,1019.46944444444,3,0,"Coastal","Port","Moderate natural",0,"Low","Moderate","Moderate","2021-04-27","Spring"
"47",47,178,"MAC_S_050","Port of Oostende (B)","Sediment","Sludge",6,"Ostend (B)",0.350893299484996,NA,0,"No","No",42.056,"No",NA,88.881,0.025,2.18509686118416,15,0,0,0.065,3.067,0.385,5.525,5.48,0.068,0.418,0,28.6181818181818,"Antropogeen",1,0.01278,0.00033740311515139,0.100000001490116,0.100000001490116,NA,NA,NA,NA,18379,0,8.29583333333333,4.66666666666666,72.5,1010.37083333333,3.54166666666667,0,7.52916666666667,6.12499999999999,55,1019.46944444444,3,0,"Coastal","Port","Moderate natural",0,"Low","Moderate","Moderate","2021-04-27","Spring"
"48",48,179,"MAC_S_051","Port of Oostende (C)","Sediment","Sludge",6,"Ostend (C)",0.313189285616458,NA,1,"No","No",12.742,"No",NA,116.333,0.025,2.18509686118416,15,1,0,0.869,4.401,0.523,5.76,2.969,0.069,0.418,0,34.3773734177215,"Antropogeen",1,0.01278,0.00033740311515139,0.100000001490116,0.100000001490116,NA,NA,NA,NA,23441,0,8.29583333333333,4.66666666666666,72.5,1010.37083333333,3.54166666666667,0,7.52916666666667,6.12499999999999,55,1019.46944444444,3,0,"Coastal","Port","Low natural",2,"Moderate","Moderate","Moderate","2021-04-27","Spring"
"49",49,180,"MAC_S_052","Port of Nieuwpoort (A)","Sediment","Sand",9,"Nieuwpoort (A)",0.59815727776823,NA,2,"No","No",109.485,"No",NA,25.323,0.025,2.18509686118416,15,0,0,1.068,0.408,0,2.138,9.052,1.397,0.971,0,59.6842105263158,"Antropogeen",NA,0,0,NA,NA,NA,NA,NA,NA,2282,0,8.65909090909091,5.77272727272726,61.8181818181817,1004.83636363636,6.13636363636364,0,8.03080808080808,5.74368686868686,58.9393939393939,1011.87462121212,4.12878787878788,0,"Coastal","Port","Highly Natural",2,"Moderate","Low","High","2021-04-28","Spring"
"50",50,181,"MAC_S_053","Port of Nieuwpoort (B)","Sediment","Sludge+sand",6,"Nieuwpoort (B)",0.415132728478322,NA,0,"No","No",13.162,"No",NA,61.83,0.025,2.18509686118416,15,0,0,3.941,1.458,0,4.374,2.709,1.141,1.413,0,47.25,"Antropogeen",NA,0,0,NA,NA,NA,NA,NA,NA,4448,0,8.65909090909091,5.77272727272726,61.8181818181817,1004.83636363636,6.13636363636364,0,8.03080808080808,5.74368686868686,58.9393939393939,1011.87462121212,4.12878787878788,0,"Coastal","Port","Low natural",0,"Low","Low","High","2021-04-28","Spring"
"51",51,182,"MAC_S_054","Port of Nieuwpoort (C)","Sediment","Sludge",7,"Nieuwpoort (C)",0.324895425986018,NA,1,"No","No",20.61,"No",NA,96.6,0.025,2.18509686118416,15,0,1,5.45,1.543,0.223,3.562,1.066,0.443,1.374,0,41.8,"Antropogeen",NA,0,0,NA,NA,NA,NA,NA,NA,4977,0,8.65909090909091,5.77272727272726,61.8181818181817,1004.83636363636,6.13636363636364,0,8.03080808080808,5.74368686868686,58.9393939393939,1011.87462121212,4.12878787878788,0,"Coastal","Port","Low natural",2,"Moderate","Low","High","2021-04-28","Spring"
"52",52,183,"MAC_S_055","Port of Nieuwpoort (A)","Sediment","Sand",10,"Nieuwpoort (A)",0.59815727776823,NA,2,"No","No",109.485,"No",NA,25.323,0.025,2.18509686118416,15,0,0,1.068,0.408,0,2.138,9.052,1.397,0.971,0,59.6842105263158,"Antropogeen",NA,0,0,NA,NA,NA,NA,NA,NA,2282,3.7,16.8874999999999,1.91666666666667,192.272727272727,1014.3875,5.91666666666666,17.4,17.1972222222221,2.76388888888889,114.924242424242,1015.98194444444,6.34722222222222,52.2,"Coastal","Port","Highly Natural",2,"Moderate","Low","High","2021-06-28","Summer"
"53",53,184,"MAC_S_056","Port of Nieuwpoort (B)","Sediment","Sludge",7,"Nieuwpoort (B)",0.415132728478322,NA,0,"No","No",13.162,"No",NA,61.83,0.025,2.18509686118416,15,0,0,3.941,1.458,0,4.374,2.709,1.141,1.413,0,47.25,"Antropogeen",NA,0,0,NA,NA,NA,NA,NA,NA,4448,3.7,16.8874999999999,1.91666666666667,192.272727272727,1014.3875,5.91666666666666,17.4,17.1972222222221,2.76388888888889,114.924242424242,1015.98194444444,6.34722222222222,52.2,"Coastal","Port","Low natural",0,"Low","Low","High","2021-06-28","Summer"
"54",54,185,"MAC_S_057","Port of Nieuwpoort (C)","Sediment","Sludge",5,"Nieuwpoort (C)",0.324895425986018,NA,1,"No","No",20.61,"No",NA,96.6,0.025,2.18509686118416,15,0,1,5.45,1.543,0.223,3.562,1.066,0.443,1.374,0,41.8,"Antropogeen",NA,0,0,NA,NA,NA,NA,NA,NA,4977,3.7,16.8874999999999,1.91666666666667,192.272727272727,1014.3875,5.91666666666666,17.4,17.1972222222221,2.76388888888889,114.924242424242,1015.98194444444,6.34722222222222,52.2,"Coastal","Port","Low natural",2,"Moderate","Low","High","2021-06-28","Summer"
"55",55,186,"MAC_S_058","River Scheldt (Temse)","Sediment","Sand",5,"Temse",0.692196088302361,470,3,"Yes","Yes",138.086,"No",NA,32.053,0.025,2.18509686118416,15,3,0,7.248,0.19,0,4.425,1.478,1.705,0,0,50.8391167192429,"Matig Diep Subtidaal",440,5.6232,0.148457370666612,822.980994567275,1.87041135128926,NA,NA,NA,NA,9459,0,17.4583333333333,3.5,37.9166666666667,1027.3875,0.916666666666666,16.7333333333333,17.9041666666666,3.73611111111111,140,1022.67222222222,4.75,50.2,"Inland","River","Low natural",6,"High","Low","High","2021-08-24","Summer"
"56",56,187,"MAC_S_059","River Scheldt (Wintam)","Sediment","Sludge+sand",10,"Wintam",0.578952432274277,1182,4,"Yes","Yes",162.84,"Yes","Middle",62.325,0.025,2.18509686118416,15,0,2,4.883,0.85,0,3.525,2.832,2.956,0,0,37.4145569620253,"Diep Subtidaal",550,7.029,0.185571713333265,1098.52699995786,1.9973218181052,NA,NA,NA,NA,14233,0,17.0874999999999,3.04166666666667,155.217391304348,1023.19583333333,2.29166666666667,0.666666666666667,17.6541666666666,3.41666666666666,106.600241545894,1024.82083333333,3.22222222222222,2,"Inland","River","Moderate natural",6,"High","Moderate","Moderate","2021-08-25","Summer"
"57",57,188,"MAC_S_061","River Scheldt (Temse)","Sediment","Sand",5,"Temse",0.692196088302361,470,3,"Yes","Yes",138.086,"No",NA,32.053,0.025,2.18509686118416,15,3,0,7.248,0.19,0,4.425,1.478,1.705,0,0,50.8391167192429,"Matig Diep Subtidaal",440,5.6232,0.148457370666612,822.980994567275,1.87041135128926,NA,NA,NA,NA,9459,0,4.16249999999999,0.666666666666666,212.142857142857,1030.79166666666,7,3.06666666666666,5.48055555555555,1.91666666666667,209.785431959345,1024.25833333333,4.16538789428815,9.19999999999999,"Inland","River","Low natural",6,"High","Low","High","2021-11-23","Autumn"
"58",58,189,"MAC_S_062","River Scheldt (Wintam)","Sediment","Sand",10,"Wintam",0.578952432274277,1182,4,"Yes","Yes",162.84,"Yes","Middle",62.325,0.025,2.18509686118416,15,0,2,4.883,0.85,0,3.525,2.832,2.956,0,0,37.4145569620253,"Diep Subtidaal",550,7.029,0.185571713333265,1098.52699995786,1.9973218181052,NA,NA,NA,NA,14233,0,6.125,0.875,101.052631578947,1022.0625,7.94736842105263,0,5.02916666666666,1.36111111111111,143.034859876965,1026.58749999999,5.0608875128999,0,"Inland","River","Moderate natural",6,"High","Moderate","Moderate","2021-11-24","Autumn"
"59",59,190,"MAC_S_063","River Scheldt (Antwerpen)","Sediment","Sand",10,"Antwerp",0.470055991739951,578,4,"No","No",440.237,"Yes","Middle",177.35,0.025,2.18509686118416,15,1,4,0,2.523,1.66,6.144,2.503,2.185,0.001,0,20.9269841269841,"Diep Subtidaal",111,1.41858,0.0374517457818045,381.646991938353,3.43826118863381,NA,NA,NA,NA,38844,1.6,6.01304347826086,1.78260869565217,254,1012.4652173913,6.47826086956522,0.533333333333333,5.43351449275362,1.10809178743961,189.065162907268,1021.77312801932,7.14187643020595,1.6,"Inland","River","Moderate natural",9,"High","High","Moderate","2021-11-25","Autumn"
"60",60,191,"MAC_S_064","River Scheldt (Breskens)","Sediment","Sand",14,"Breskens",0.151664937486743,1550,0,"No","Yes",4560.276,"No",NA,1485.85,0.025,2.18509686118416,15,0,0,0.288,0.427,0,1.451,12.678,0,0.106,0,23.4075235109718,"Hoogdynamisch sublittoraal",0,0,0,0,NA,NA,NA,NA,NA,179,0.2,3.6,6,180,1032.2,7,0.15,4.1,5.76666666666667,204.333333333333,1018.66666666667,6.33333333333333,0.45,"Coastal","River","Highly Natural",0,"Low","Low","Moderate","2022-01-11","Winter"
"61",61,192,"MAC_S_065","River Scheldt (Terneuzen)","Sediment","Sand",27,"Terneuzen",0.193043486831849,2796,0,"No","Yes",5795.649,"Yes","Outside",629.126,0.025,2.18509686118416,15,0,0,0,1.951,0,3.842,9.18,0,0,0,49.3943217665615,"Hoogdynamisch sublittoraal",7,0.08946,0.00236182180605974,2.33400005847216,0.333428579781737,NA,NA,NA,NA,1156,0.2,2.7,3,184,1032.59999999999,NA,0.133333333333333,2.96666666666667,3.5,205,1019.06666666666,NA,0.4,"Inland","River","Highly Natural",0,"Low","Low","High","2022-01-11","Winter"
"62",62,265,"MIC_S_001","Port of Oostende (B)","Sediment","Sludge",9.2,"Ostend (B)",0.350893299484996,NA,0,"No","No",42.056,"No",NA,88.881,0.025,2.18509686118416,15,0,0,0.065,3.067,0.385,5.525,5.48,0.068,0.418,0,28.6181818181818,"Antropogeen",1,0.01278,0.00033740311515139,0.100000001490116,0.100000001490116,NA,NA,NA,NA,18355,0.5,15.3681818181818,4.77272727272726,312.727272727272,1015.73636363636,5.18181818181817,6.16666666666667,15.8685606060606,5.41035353535353,264.659090909091,1015.00517676767,6.6300505050505,18.5,"Coastal","Port","Moderate natural",0,"Low","Moderate","Moderate","2020-07-10","Summer"
"63",63,266,"MIC_S_002","Port of Nieuwpoort (B)","Sediment","Sludge",5,"Nieuwpoort (B)",0.415132728478322,NA,0,"No","No",13.162,"No",NA,61.83,0.025,2.18509686118416,15,0,0,3.941,1.458,0,4.374,2.709,1.141,1.413,0,47.25,"Antropogeen",NA,0,0,NA,NA,NA,NA,NA,NA,18355,1.2,12.7681818181818,7.81818181818182,267.727272727272,1012.07727272727,6,5.33333333333333,12.9366161616161,7.82828282828283,240.770202020202,1002.37575757576,6.18055555555555,16,"Coastal","Port","Low natural",0,"Low","Moderate","High","2020-10-07","Autumn"
"64",64,267,"MIC_S_003","Port of Nieuwpoort (B)","Sediment","Sludge",5,"Nieuwpoort (B)",0.415132728478322,NA,0,"No","No",13.162,"No",NA,61.83,0.025,2.18509686118416,15,0,0,3.941,1.458,0,4.374,2.709,1.141,1.413,0,47.25,"Antropogeen",NA,0,0,NA,NA,NA,NA,NA,NA,18355,2.6,6.59565217391303,9.34782608695651,232.608695652173,1004.99130434783,5.26086956521738,1.23333333333333,7.09160628019323,10.1020531400966,221.980676328502,1005.58737922706,5.90640096618357,3.7,"Coastal","Port","Low natural",0,"Low","Moderate","High","2021-03-12","Spring"
"65",65,268,"MIC_S_004","Port of Oostende (B)","Sediment","Sludge",6,"Ostend (B)",0.350893299484996,NA,0,"No","No",42.056,"No",NA,88.881,0.025,2.18509686118416,15,0,0,0.065,3.067,0.385,5.525,5.48,0.068,0.418,0,28.6181818181818,"Antropogeen",1,0.01278,0.00033740311515139,0.100000001490116,0.100000001490116,NA,NA,NA,NA,4439,4.4,3.18260869565217,5.78260869565217,181.739130434782,1022.36086956522,7.21739130434782,1.46666666666667,-0.629408212560387,6.35809178743961,145.857487922705,1029.9786231884,5.04468599033816,4.4,"Coastal","Port","Moderate natural",0,"Low","Low","Moderate","2021-02-15","Winter"
"66",66,269,"MIC_S_005","River Scheldt (Doel)","Sediment","Sludge",10,"Doel",0.0374158921544889,843,0,"Yes","Yes",1245.45,"Yes","Middle",431.8,0.025,2.18509686118416,15,0,0,1.265,4.679,0.765,0.513,6.426,1.332,0,0,30.9240506329114,"Diep Subtidaal",146,1.86588,0.0492608548121032,228.88799649477,1.56772600338884,NA,NA,NA,NA,4439,0,9.74090909090909,4.54545454545455,61.3636363636364,1021.99090909091,5.63636363636364,7.53333333333333,9.58078612209047,4.98193895476504,84.2166227492315,1017.30222332016,6.29726613965744,22.6,"Inland","River","Highly Natural",0,"Low","Low","Moderate","2020-10-15","Autumn"
"67",67,270,"MIC_S_006","Port of Nieuwpoort (B)","Sediment","Sludge",4,"Nieuwpoort (B)",0.415132728478322,NA,0,"No","No",13.162,"No",NA,61.83,0.025,2.18509686118416,15,0,0,3.941,1.458,0,4.374,2.709,1.141,1.413,0,47.25,"Antropogeen",NA,0,0,NA,NA,NA,NA,NA,NA,4439,0,13.5041666666667,1.875,233.043478260869,1011,1.83333333333332,0.433333333333333,15.1583333333334,3,158.426108915239,1015.10555555555,1.79166666666666,1.3,"Coastal","Port","Low natural",0,"Low","Low","High","2020-09-22","Autumn"
"68",68,271,"MIC_S_007","Port of Oostende (B)","Sediment","Sludge",9,"Ostend (B)",0.350893299484996,NA,0,"No","No",42.056,"No",NA,88.881,0.025,2.18509686118416,15,0,0,0.065,3.067,0.385,5.525,5.48,0.068,0.418,0,28.6181818181818,"Antropogeen",1,0.01278,0.00033740311515139,0.100000001490116,0.100000001490116,NA,NA,NA,NA,4448,32.1,12.3727272727273,6.31818181818182,209.545454545454,999.595454545455,4.68181818181817,14.0333333333333,13.9089646464647,4.31439393939394,215.58519982433,1004.5095959596,4.3800505050505,42.1,"Coastal","Port","Moderate natural",0,"Low","Low","Moderate","2020-09-24","Autumn"
"69",69,272,"MIC_S_008","River Scheldt (Wintam)","Sediment","Sand",8,"Wintam",0.578952432274277,1182,4,"Yes","Yes",162.84,"Yes","Middle",62.325,0.025,2.18509686118416,15,0,2,4.883,0.85,0,3.525,2.832,2.956,0,0,37.4145569620253,"Diep Subtidaal",550,7.029,0.185571713333265,1098.52699995786,1.9973218181052,NA,NA,NA,NA,4448,0,3.91666666666667,6.41666666666666,243.333333333333,1017.66666666667,5.45833333333333,2.96666666666667,3.11805555555556,6,218.333333333333,1007.25972222222,5.79166666666666,8.9,"Inland","River","Moderate natural",6,"High","Low","Moderate","2021-01-26","Winter"
"70",70,273,"MIC_S_009","River Scheldt (Antwerpen)","Sediment","Sand",6,"Antwerp",0.470055991739951,578,4,"No","No",440.237,"Yes","Middle",177.35,0.025,2.18509686118416,15,1,4,0,2.523,1.66,6.144,2.503,2.185,0.001,0,20.9269841269841,"Diep Subtidaal",111,1.41858,0.0374517457818045,381.646991938353,3.43826118863381,NA,NA,NA,NA,4448,8.1,4.74347826086957,4.56521739130435,224.782608695651,1012.12608695652,7.47826086956522,5.16666666666667,4.03115942028986,5.73007246376811,220.760869565217,1012.05730676329,6.02053140096618,15.5,"Inland","River","Moderate natural",9,"High","Low","Moderate","2021-01-27","Winter"
"71",71,274,"MIC_S_010","Port of Oostende (B)","Sediment","Sludge",6,"Ostend (B)",0.350893299484996,NA,0,"No","No",42.056,"No",NA,88.881,0.025,2.18509686118416,15,0,0,0.065,3.067,0.385,5.525,5.48,0.068,0.418,0,28.6181818181818,"Antropogeen",1,0.01278,0.00033740311515139,0.100000001490116,0.100000001490116,NA,NA,NA,NA,18379,0,8.29583333333333,4.66666666666666,72.5,1010.37083333333,3.54166666666667,0,7.52916666666667,6.12499999999999,55,1019.46944444444,3,0,"Coastal","Port","Moderate natural",0,"Low","Moderate","Moderate","2021-04-27","Spring"
"72",72,275,"MIC_S_011","Port of Nieuwpoort (B)","Sediment","Sludge+sand",6,"Nieuwpoort (B)",0.415132728478322,NA,0,"No","No",13.162,"No",NA,61.83,0.025,2.18509686118416,15,0,0,3.941,1.458,0,4.374,2.709,1.141,1.413,0,47.25,"Antropogeen",NA,0,0,NA,NA,NA,NA,NA,NA,18379,0,8.65909090909091,5.77272727272726,61.8181818181817,1004.83636363636,6.13636363636364,0,8.03080808080808,5.74368686868686,58.9393939393939,1011.87462121212,4.12878787878788,0,"Coastal","Port","Low natural",0,"Low","Moderate","High","2021-04-28","Spring"
"73",73,276,"MIC_S_012","River Scheldt (Temse)","Sediment","Sand",5,"Temse",0.692196088302361,470,3,"Yes","Yes",138.086,"No",NA,32.053,0.025,2.18509686118416,15,3,0,7.248,0.19,0,4.425,1.478,1.705,0,0,50.8391167192429,"Matig Diep Subtidaal",440,5.6232,0.148457370666612,822.980994567275,1.87041135128926,NA,NA,NA,NA,18379,0,17.4416666666666,6.08333333333333,42.0833333333333,1028.23333333332,2.08333333333332,6.26666666666667,17.5222222222222,6.02777777777777,135.555555555556,1023.97361111111,4.6111111111111,18.8,"Inland","River","Low natural",6,"High","Moderate","High","2021-08-24","Summer"
"74",74,277,"MIC_S_017","Zeebrugge (700)","Sediment","Sludge",10,"Zeebrugge",0.475560449245903,NA,0,"No","No",2285.2,"No",NA,326.843,0.025,2.18509686118416,15,0,0,0.517756132,6.041504238,0,0.013385453,7.396712232,0.934019162,0,0.068388918,42.0526315789474,"Hoogdynamisch sublittoraal",0,0,0,0,NA,NA,NA,NA,NA,4439,4.59999999999999,10.1625,7.875,254.583333333333,1008.35,7.08333333333333,4.33333333333333,6.47222222222222,6.34722222222222,241.986714975845,1015.11944444445,5.79166666666667,13,"Coastal","Port","Highly Natural",0,"Low","Low","High","2022-04-05","Spring"
"75",75,278,"MIC_S_018","River Scheldt (Breskens)","Sediment","Sand",17,"Breskens",0.151664937486743,1550,0,"No","Yes",4560.276,"No",NA,1485.85,0.025,2.18509686118416,15,0,0,0.288,0.427,0,1.451,12.678,0,0.106,0,23.4075235109718,"Hoogdynamisch sublittoraal",0,0,0,0,NA,NA,NA,NA,NA,4439,4.59999999999999,10.1625,7.875,254.583333333333,1008.35,7.08333333333333,4.33333333333333,6.47222222222222,6.34722222222222,241.986714975845,1015.11944444445,5.79166666666667,13,"Coastal","River","Highly Natural",0,"Low","Low","Moderate","2022-04-05","Spring"
"76",76,279,"MIC_S_019","River Scheldt (Terneuzen)","Sediment","Sand",10,"Terneuzen",0.193043486831849,2796,0,"No","Yes",5795.649,"Yes","Outside",629.126,0.025,2.18509686118416,15,0,0,0,1.951,0,3.842,9.18,0,0,0,49.3943217665615,"Hoogdynamisch sublittoraal",7,0.08946,0.00236182180605974,2.33400005847216,0.333428579781737,NA,NA,NA,NA,18355,4.59999999999999,10.1625,7.875,254.583333333333,1008.35,7.08333333333333,4.33333333333333,6.47222222222222,6.34722222222222,241.986714975845,1015.11944444445,5.79166666666667,13,"Inland","River","Highly Natural",0,"Low","Moderate","High","2022-04-05","Spring"
"77",77,280,"MIC_S_020","River Scheldt (Breskens)","Sediment","Sand",14,"Breskens",0.151664937486743,1550,0,"No","Yes",4560.276,"No",NA,1485.85,0.025,2.18509686118416,15,0,0,0.288,0.427,0,1.451,12.678,0,0.106,0,23.4075235109718,"Hoogdynamisch sublittoraal",0,0,0,0,NA,NA,NA,NA,NA,18355,0,2.2625,4,178.333333333333,1032.16249999999,6.16666666666666,2,2.50277777777778,4.73611111111111,202.083333333333,1018.54305555555,5.31818181818181,6,"Coastal","River","Highly Natural",0,"Low","Moderate","Moderate","2022-01-11","Winter"
"78",78,281,"MIC_S_021","River Scheldt (Terneuzen)","Sediment","Sand",27,"Terneuzen",0.193043486831849,2796,0,"No","Yes",5795.649,"Yes","Outside",629.126,0.025,2.18509686118416,15,0,0,0,1.951,0,3.842,9.18,0,0,0,49.3943217665615,"Hoogdynamisch sublittoraal",7,0.08946,0.00236182180605974,2.33400005847216,0.333428579781737,NA,NA,NA,NA,18355,0,2.2625,4,178.333333333333,1032.16249999999,6.16666666666666,2,2.50277777777778,4.73611111111111,202.083333333333,1018.54305555555,5.31818181818181,6,"Inland","River","Highly Natural",0,"Low","Moderate","High","2022-01-11","Winter"
"79",79,282,"MIC_S_022","River Scheldt (Antwerpen)","Sediment","Sand",7,"Antwerp",0.470055991739951,578,4,"No","No",440.237,"Yes","Middle",177.35,0.025,2.18509686118416,15,1,4,0,2.523,1.66,6.144,2.503,2.185,0.001,0,20.9269841269841,"Diep Subtidaal",111,1.41858,0.0374517457818045,381.646991938353,3.43826118863381,NA,NA,NA,NA,14233,0,8.97173913043478,3.17391304347825,33.4782608695651,1018.3347826087,5.54545454545455,0,10.1653660349313,3.06117614269788,134.556856187291,1016.76020531401,6.15227526097092,0,"Inland","River","Moderate natural",9,"High","Moderate","Moderate","2020-10-14","Autumn"
"80",80,283,"MIC_S_023","River Scheldt (Wintam)","Sediment","Sand",10,"Wintam",0.578952432274277,1182,4,"Yes","Yes",162.84,"Yes","Middle",62.325,0.025,2.18509686118416,15,0,2,4.883,0.85,0,3.525,2.832,2.956,0,0,37.4145569620253,"Diep Subtidaal",550,7.029,0.185571713333265,1098.52699995786,1.9973218181052,NA,NA,NA,NA,14233,0,8.97173913043478,3.17391304347825,33.4782608695651,1018.3347826087,5.54545454545455,0,10.1653660349313,3.06117614269788,134.556856187291,1016.76020531401,6.15227526097092,0,"Inland","River","Moderate natural",6,"High","Moderate","Moderate","2020-10-14","Autumn"
"81",81,284,"MIC_S_026","Port of Antwerp (Vijfde Havendok)","Sediment","Sludge+sand",10,"Vijfde Havendok",0.365489811353062,761,1,"No","No",277.86,"No",NA,43.311,0.025,2.18509686118416,15,0,0,0,6.846,0.123,1.667,4.557,1.019,0.792,0,33.0134813639968,"Antropogeen",22,0.28116,0.00742286853333062,26.7339999675751,1.21518181670796,NA,NA,NA,NA,38933,0,20.5625,2.70833333333332,40.8695652173912,1020.27083333333,4.41666666666666,0,19.9930555555555,2.2361111111111,125.954537612146,1022.78611111111,1.875,0,"Inland","Port","Moderate natural",1,"Low","High","Moderate","2021-06-15","Summer"
"82",82,285,"MIC_S_027","Port of Antwerp (Doeldok)","Sediment","Sludge+sand",7,"Doeldok",0.101967214843083,70,0,"Yes","No",572.789,"No",NA,64.5,0.025,2.18509686118416,15,0,0,3.599,7.037,0,0.001,3.862,0.493,0,0,28.0341540905481,"Antropogeen",376,4.80528,0.126863571296923,476.506003022194,1.26730319952711,NA,NA,NA,NA,4812,0,23.6181818181818,2.09090909090908,136.818181818182,1013.77727272727,1.90909090909091,0,21.8352272727272,2.48863636363636,138.435598218207,1018.34242424242,2.49747474747475,0,"Inland","Port","Moderate natural",0,"Low","Low","Moderate","2021-06-16","Summer"
"83",83,286,"MIC_S_034","River Scheldt (Temse)","Sediment","Sand",5,"Temse",0.692196088302361,470,3,"Yes","Yes",138.086,"No",NA,32.053,0.025,2.18509686118416,15,3,0,7.248,0.19,0,4.425,1.478,1.705,0,0,50.8391167192429,"Matig Diep Subtidaal",440,5.6232,0.148457370666612,822.980994567275,1.87041135128926,NA,NA,NA,NA,9459,0,4.16249999999999,0.666666666666666,212.142857142857,1030.79166666666,7,3.06666666666666,5.48055555555555,1.91666666666667,209.785431959345,1024.25833333333,4.16538789428815,9.19999999999999,"Inland","River","Low natural",6,"High","Low","High","2021-11-23","Autumn"
"84",84,287,"MIC_S_035","River Scheldt (Wintam)","Sediment","Sludge+sand",10,"Wintam",0.578952432274277,1182,4,"Yes","Yes",162.84,"Yes","Middle",62.325,0.025,2.18509686118416,15,0,2,4.883,0.85,0,3.525,2.832,2.956,0,0,37.4145569620253,"Diep Subtidaal",550,7.029,0.185571713333265,1098.52699995786,1.9973218181052,NA,NA,NA,NA,14233,0,17.0874999999999,3.04166666666667,155.217391304348,1023.19583333333,2.29166666666667,0.666666666666667,17.6541666666666,3.41666666666666,106.600241545894,1024.82083333333,3.22222222222222,2,"Inland","River","Moderate natural",6,"High","Moderate","Moderate","2021-08-25","Summer"
"85",85,288,"MIC_S_036","River Scheldt (Westerschelde)","Sediment",NA,24.7,"Westerschelde",0,605,0,"No","Yes",13505.967,"No",NA,5282.849,0.025,2.18509686118416,15,0,0,0,0,0,0,14.94067285,0,0,0,0,"Hoogdynamisch sublittoraal",0,0,0,0,NA,NA,NA,NA,NA,38844,6,6.95652173913043,4.69565217391304,184.782608695651,992.460869565216,7.66666666666666,3.3,6.15634057971014,3.88466183574879,177.5422705314,1000.31890096618,6.94987922705313,9.9,"Coastal","River","Highly Natural",0,"Low","High","Low","2022-11-22","Autumn"
"86",86,289,"MIC_S_037","River Scheldt (Terneuzen)","Sediment","Sand",24.5,"Terneuzen",0.193043486831849,2796,0,"No","Yes",5795.649,"Yes","Outside",629.126,0.025,2.18509686118416,15,0,0,0,1.951,0,3.842,9.18,0,0,0,49.3943217665615,"Hoogdynamisch sublittoraal",7,0.08946,0.00236182180605974,2.33400005847216,0.333428579781737,NA,NA,NA,NA,9459,6,6.95652173913043,4.69565217391304,184.782608695651,992.460869565216,7.66666666666666,3.3,6.15634057971014,3.88466183574879,177.5422705314,1000.31890096618,6.94987922705313,9.9,"Inland","River","Highly Natural",0,"Low","Low","High","2022-11-22","Autumn"
"87",87,290,"MIC_S_038","River Scheldt (Kruiningen)","Sediment",NA,23.9,"Kruiningen",0.181401485729347,269,0,"Yes","Yes",2413.23,"Yes","Outside",1691.675,0.025,2.18509686118416,15,0,0,0.004487646,0.334195149,0,1.404402138,13.156104668,0,0,0.04690697,12.05,"Hoogdynamisch sublittoraal",73,0.93294,2.70630622115876,30.668999671936,0.420123283177206,NA,NA,NA,NA,14233,6,6.95652173913043,4.69565217391304,184.782608695651,992.460869565216,7.66666666666666,3.3,6.15634057971014,3.88466183574879,177.5422705314,1000.31890096618,6.94987922705313,9.9,"Inland","River","Highly Natural",0,"Low","Moderate","Low","2022-11-22","Autumn"
"88",88,291,"MIC_S_039","River Scheldt (Bath)","Sediment",NA,22.4,"Bath",0.208723890181591,2044,0,"No","Yes",2718.679,"Yes","Outside",296.437,0.025,2.18509686118416,15,0,0,0,0.002760574,0,4.651475153,9.213154975,0,0,1.087080843,16.5789473684211,"Hoogdynamisch sublittoraal",201,2.56878,7.45161028017685,113.706000089645,0.56570149298331,NA,NA,NA,NA,1203.99,0.2,7.73478260869565,8.34082608695652,186.395652173912,990.478260869565,5.17391304347825,1.1,7.70326086956522,7.28737258454106,195.776328502415,999.051086956522,5.78019323671497,3.3,"Inland","River","Moderate natural",0,"Low","Low","Low","2022-11-22","Autumn"
