"","X.1","X","Code.Campaign","Date","Sampling.Location","Unique.Sample.Identifier","Sample.Type","Matrix","Volume..L.","DW..Sediment..kg.","Particle.count","Total.plastic.mass..kg.","Concentration..g.plastic.L.water.","Concentration..g.plastic.kg.dry.weight.sediment.","Sediment.type","Depth.Sample..m.","T1..START.","T2..STOP.","Tide","Unique.Particle.Identifier","Replicate..sediment.","Polymer","Match","Lenght..mm.","Width..mm.","Maximal.dimension..mm.","Weight..mg.","Color","Shape_obs","Sampling.Area","Type.of.Campaign","Sampling.Location.specific","Sampling.Area.general","LengthWidthratio","estimated.Hight..mm.","CSF","Shape_est","SizeClass","Transpar_NERC","Color_NERC","Color_NERC_Interreg","Shape_NERC","Shape_tot","Polymer_NERC","Diff_Time","T2..STOP..1","Diff_time"
"1",31784,31784,"SH_20_02a","2020-12-08","River Scheldt (Doel)","MAC_S_002","Macroplastics (> 5 mm)","Sediment",NA,0.526779,0,0,NA,0,"Sand",9,"1899-12-31 07:01:00",NA,NA,NA,NA,NA,NA,NA,NA,NA,NA,NA,NA,"River Scheldt","Spotsampling","Doel","River Scheldt (Downstream)",NA,NA,NA,NA,NA,NA,NA,"UNDEFINED",NA,NA,NA,NA,NA,NA
"2",31785,31785,"SH_20_02a","2020-12-08","River Scheldt (Antwerpen)","MAC_S_003","Macroplastics (> 5 mm)","Sediment",NA,0.78782,0,0,NA,0,"Sludge",11,"1899-12-31 18:46:00",NA,NA,NA,NA,NA,NA,NA,NA,NA,NA,NA,NA,"River Scheldt","Spotsampling","Antwerp","River Scheldt (Upstream)",NA,NA,NA,NA,NA,NA,NA,"UNDEFINED",NA,NA,NA,NA,NA,NA
"3",31786,31786,"OS_20_02","2020-07-10","Port of Oostende (A)","MAC_S_004","Macroplastics (> 5 mm)","Sediment",NA,0.365242,0,0,NA,0,"Sludge",4,"1899-12-31 09:47:00",NA,NA,NA,NA,NA,NA,NA,NA,NA,NA,NA,NA,"Port of Oostende","Spotsampling","Ostend (A)","Port of Ostend",NA,NA,NA,NA,NA,NA,NA,"UNDEFINED",NA,NA,NA,NA,NA,NA
"4",31787,31787,"OS_20_02","2020-07-10","Port of Oostende (B)","MAC_S_005","Macroplastics (> 5 mm)","Sediment",NA,0.393395,0,0,NA,0,"Sludge",9.2,"1899-12-31 10:24:00",NA,NA,NA,NA,NA,NA,NA,NA,NA,NA,NA,NA,"Port of Oostende","Spotsampling","Ostend (B)","Port of Ostend",NA,NA,NA,NA,NA,NA,NA,"UNDEFINED",NA,NA,NA,NA,NA,NA
"5",31788,31788,"OS_20_02","2020-07-10","Port of Oostende (C)","MAC_S_006","Macroplastics (> 5 mm)","Sediment",NA,0.406342,0,0,NA,0,"Sludge",4,"1899-12-31 11:00:00",NA,NA,NA,NA,NA,NA,NA,NA,NA,NA,NA,NA,"Port of Oostende","Spotsampling","Ostend (C)","Port of Ostend",NA,NA,NA,NA,NA,NA,NA,"UNDEFINED",NA,NA,NA,NA,NA,NA
"6",31789,31789,"NP_20_03","2020-10-07","Port of Nieuwpoort (A)","MAC_S_007","Macroplastics (> 5 mm)","Sediment",NA,0.550849,0,0,NA,0,"Sand",4.6,"1899-12-31 14:22:00",NA,NA,NA,NA,NA,NA,NA,NA,NA,NA,NA,NA,"Port of Nieuwpoort","Spotsampling","Nieuwpoort (A)","Port of Nieuwpoort",NA,NA,NA,NA,NA,NA,NA,"UNDEFINED",NA,NA,NA,NA,NA,NA
"7",31790,31790,"NP_20_03","2020-10-07","Port of Nieuwpoort (B)","MAC_S_008","Macroplastics (> 5 mm)","Sediment",NA,0.490197,0,0,NA,0,"Sludge",4,"1899-12-31 15:04:00",NA,NA,NA,NA,NA,NA,NA,NA,NA,NA,NA,NA,"Port of Nieuwpoort","Spotsampling","Nieuwpoort (B)","Port of Nieuwpoort",NA,NA,NA,NA,NA,NA,NA,"UNDEFINED",NA,NA,NA,NA,NA,NA
"8",31791,31791,"NP_20_03","2020-10-07","Port of Nieuwpoort (C)","MAC_S_009","Macroplastics (> 5 mm)","Sediment",NA,0.342769,0,0,NA,0,"Sludge",2.5,"1899-12-31 13:32:00",NA,NA,NA,NA,NA,NA,NA,NA,NA,NA,NA,NA,"Port of Nieuwpoort","Spotsampling","Nieuwpoort (C)","Port of Nieuwpoort",NA,NA,NA,NA,NA,NA,NA,"UNDEFINED",NA,NA,NA,NA,NA,NA
"9",31792,31792,"SH_21_02","2021-02-03","River Scheldt (Temse)","MAC_S_010","Macroplastics (> 5 mm)","Sediment",NA,0.81536,0,0,NA,0,"Sand",4,"1899-12-31 14:45:00",NA,NA,NA,NA,NA,NA,NA,NA,NA,NA,NA,NA,"River Scheldt","Spotsampling","Temse","River Scheldt (Upstream)",NA,NA,NA,NA,NA,NA,NA,"UNDEFINED",NA,NA,NA,NA,NA,NA
"10",31793,31793,"NP_21_01","2021-03-12","Port of Nieuwpoort (A)","MAC_S_011","Macroplastics (> 5 mm)","Sediment",NA,0.325817,0,0,NA,0,"Sludge+sand",10,"1899-12-31 12:15:00",NA,NA,NA,NA,NA,NA,NA,NA,NA,NA,NA,NA,"Port of Nieuwpoort","Spotsampling","Nieuwpoort (A)","Port of Nieuwpoort",NA,NA,NA,NA,NA,NA,NA,"UNDEFINED",NA,NA,NA,NA,NA,NA
"11",31794,31794,"NP_21_01","2021-03-12","Port of Nieuwpoort (B)","MAC_S_012","Macroplastics (> 5 mm)","Sediment",NA,0.298851,0,0,NA,0,"Sludge",5,"1899-12-31 13:45:00",NA,NA,NA,NA,NA,NA,NA,NA,NA,NA,NA,NA,"Port of Nieuwpoort","Spotsampling","Nieuwpoort (B)","Port of Nieuwpoort",NA,NA,NA,NA,NA,NA,NA,"UNDEFINED",NA,NA,NA,NA,NA,NA
"12",31795,31795,"NP_21_01","2021-03-12","Port of Nieuwpoort (C)","MAC_S_013","Macroplastics (> 5 mm)","Sediment",NA,0.876069,0,0,NA,0,"Sand",8,"1899-12-31 11:25:00",NA,NA,NA,NA,NA,NA,NA,NA,NA,NA,NA,NA,"Port of Nieuwpoort","Spotsampling","Nieuwpoort (C)","Port of Nieuwpoort",NA,NA,NA,NA,NA,NA,NA,"UNDEFINED",NA,NA,NA,NA,NA,NA
"13",31796,31796,"SH_20_01a","2020-10-14","River Scheldt (Wintam)","MAC_S_014","Macroplastics (> 5 mm)","Sediment",NA,0.986946,0,0,NA,0,"Sand",10,"1899-12-31 10:47:00",NA,NA,NA,NA,NA,NA,NA,NA,NA,NA,NA,NA,"River Scheldt","Spotsampling","Wintam","River Scheldt (Upstream)",NA,NA,NA,NA,NA,NA,NA,"UNDEFINED",NA,NA,NA,NA,NA,NA
"14",31797,31797,"OS_21_01","2021-02-15","Port of Oostende (A)","MAC_S_015","Macroplastics (> 5 mm)","Sediment",NA,0.425574,0,0,NA,0,"Sludge",3,"1899-12-31 09:45:00",NA,NA,NA,NA,NA,NA,NA,NA,NA,NA,NA,NA,"Port of Oostende","Spotsampling","Ostend (A)","Port of Ostend",NA,NA,NA,NA,NA,NA,NA,"UNDEFINED",NA,NA,NA,NA,NA,NA
"15",31798,31798,"OS_21_01","2021-02-15","Port of Oostende (B)","MAC_S_016","Macroplastics (> 5 mm)","Sediment",NA,0.250398,0,0,NA,0,"Sludge",6,"1899-12-31 10:00:00",NA,NA,NA,NA,NA,NA,NA,NA,NA,NA,NA,NA,"Port of Oostende","Spotsampling","Ostend (B)","Port of Ostend",NA,NA,NA,NA,NA,NA,NA,"UNDEFINED",NA,NA,NA,NA,NA,NA
"16",31799,31799,"OS_21_01","2021-02-15","Port of Oostende (C)","MAC_S_017","Macroplastics (> 5 mm)","Sediment",NA,0.527608,2,0.0000016,NA,0.003032554,"Sludge",6,"1899-12-31 10:55:00",NA,NA,"MAC_S_017_1",NA,"Polyethyleen",87.64,15.22,6,15.22,0.84,"TRANSPARENT","Foil","Port of Oostende","Spotsampling","Ostend (C)","Port of Ostend",2.53666666666667,2.36530880420499,0.247516922689392,"Non-filaments","SC5","transparent/translucent","COLOURLESS","COLOURLESS","films","films","polyethylene",NA,NA,NA
"17",31800,31800,"OS_21_01","2021-02-15","Port of Oostende (C)","MAC_S_017","Macroplastics (> 5 mm)","Sediment",NA,0.527608,2,0.0000016,NA,0.003032554,"Sludge",6,"1899-12-31 10:55:00",NA,NA,"MAC_S_017_2",NA,"Polypropyleen",88.92,20.26,10.53,20.26,0.76,"TRANSPARENT","Foil","Port of Oostende","Spotsampling","Ostend (C)","Port of Ostend",1.92402659069326,5.47289733464955,0.37469974301978,"Non-filaments","SC5","transparent/translucent","COLOURLESS","COLOURLESS","films","films","polypropylene",NA,NA,NA
"18",31801,31801,"AW_21_01","2021-06-15","Port of Antwerp (Vijfde Havendok)","MAC_S_018","Macroplastics (> 5 mm)","Sediment",NA,0.43969,1,0.0000008,NA,0.00000181946,"Sludge+sand",10,"1899-12-31 11:30:00",NA,NA,"MAC_S_018_1",NA,"Polypropyleen",76.92,45.715,0.79,45.715,0.8,"ORANGE","Fiber","Port of Antwerp","Spotsampling","Vijfde Havendok","Port of Antwerp",57.8670886075949,0.0136519741879033,0.00227170822672408,"Non-filaments","SC5","opaque","ORANGE","ORANGE/RED/PURPLE/PINK","filaments","filaments","polypropylene",NA,NA,NA
"19",31802,31802,"SH_20_01a","2020-10-15","River Scheldt (Doel)","MAC_S_019","Macroplastics (> 5 mm)","Sediment",NA,0.787416,0,0,NA,0,"Sludge",10,"1899-12-31 18:13:00",NA,NA,NA,NA,NA,NA,NA,NA,NA,NA,NA,NA,"River Scheldt","Spotsampling","Doel","River Scheldt (Downstream)",NA,NA,NA,NA,NA,NA,NA,"UNDEFINED",NA,NA,NA,NA,NA,NA
"20",31803,31803,"SH_20_01a","2020-10-15","River Scheldt (Antwerpen)","MAC_S_020","Macroplastics (> 5 mm)","Sediment",NA,0.952815,0,0,NA,0,"Sand",7,"1899-12-31 13:00:00",NA,NA,NA,NA,NA,NA,NA,NA,NA,NA,NA,NA,"River Scheldt","Spotsampling","Antwerp","River Scheldt (Upstream)",NA,NA,NA,NA,NA,NA,NA,"UNDEFINED",NA,NA,NA,NA,NA,NA
"21",31804,31804,"AW_21_02","2021-06-16","Port of Antwerp (Doeldok)","MAC_S_021","Macroplastics (> 5 mm)","Sediment",NA,0.68321,1,0.000007,NA,0.0000102458,"Sludge",7,"1899-12-31 11:25:00",NA,NA,"MAC_S_021_1",NA,"Polypropyleen",76.26,118.09,1.09,118.09,7,"WHITE","Fiber","Port of Antwerp","Spotsampling","Doeldok","Port of Antwerp",108.339449541284,0.0100609704462698,0.000886788521480444,"Non-filaments","SC7","opaque","WHITE/CREAM","WHITE/CREAM","filaments","filaments","polypropylene",NA,NA,NA
"22",31805,31805,"NSP_21_01","2021-05-17","North Sea Port (Grootdok)","MAC_S_022","Macroplastics (> 5 mm)","Sediment",NA,0.571726,0,0,NA,0,"Sludge+sand",4,"1899-12-31 11:45:00",NA,NA,NA,NA,NA,NA,NA,NA,NA,NA,NA,NA,"North Sea Port","Spotsampling","Grootdok","North Sea Port",NA,NA,NA,NA,NA,NA,NA,"UNDEFINED",NA,NA,NA,NA,NA,NA
"23",31806,31806,"NSP_21_01","2021-05-17","North Sea Port (Ringvaart)","MAC_S_023","Macroplastics (> 5 mm)","Sediment",NA,0.959627,0,0,NA,0,"Sludge",3,"1899-12-31 13:30:00",NA,NA,NA,NA,NA,NA,NA,NA,NA,NA,NA,NA,"North Sea Port","Spotsampling","Ringvaart","North Sea Port",NA,NA,NA,NA,NA,NA,NA,"UNDEFINED",NA,NA,NA,NA,NA,NA
"24",31807,31807,"NSP_21_01","2021-05-17","North Sea Port (Sifferdok)","MAC_S_024","Macroplastics (> 5 mm)","Sediment",NA,0.993057,0,0,NA,0,"Sludge",13,"1899-12-31 14:35:00",NA,NA,NA,NA,NA,NA,NA,NA,NA,NA,NA,NA,"North Sea Port","Spotsampling","Sifferdok","North Sea Port",NA,NA,NA,NA,NA,NA,NA,"UNDEFINED",NA,NA,NA,NA,NA,NA
"25",31808,31808,"OS_20_04","2020-11-17","Port of Oostende (A)","MAC_S_025","Macroplastics (> 5 mm)","Sediment",NA,0.396643,0,0,NA,0,"Sludge+sand",3,"1899-12-31 10:10:00",NA,NA,NA,NA,NA,NA,NA,NA,NA,NA,NA,NA,"Port of Oostende","Spotsampling","Ostend (A)","Port of Ostend",NA,NA,NA,NA,NA,NA,NA,"UNDEFINED",NA,NA,NA,NA,NA,NA
"26",31809,31809,"OS_20_04","2020-11-17","Port of Oostende (B)","MAC_S_026","Macroplastics (> 5 mm)","Sediment",NA,0.332615,0,0,NA,0,"Sludge",11,"1899-12-31 11:35:00",NA,NA,NA,NA,NA,NA,NA,NA,NA,NA,NA,NA,"Port of Oostende","Spotsampling","Ostend (B)","Port of Ostend",NA,NA,NA,NA,NA,NA,NA,"UNDEFINED",NA,NA,NA,NA,NA,NA
"27",31810,31810,"OS_20_04","2020-11-17","Port of Oostende (C)","MAC_S_027","Macroplastics (> 5 mm)","Sediment",NA,0.339648,0,0,NA,0,"Sludge",6,"1899-12-31 12:15:00",NA,NA,NA,NA,NA,NA,NA,NA,NA,NA,NA,NA,"Port of Oostende","Spotsampling","Ostend (C)","Port of Ostend",NA,NA,NA,NA,NA,NA,NA,"UNDEFINED",NA,NA,NA,NA,NA,NA
"28",31811,31811,"NSP_21_02","2021-05-18","North Sea Port (Mercatordok)","MAC_S_028","Macroplastics (> 5 mm)","Sediment",NA,0.499877,1,0.00000083,NA,0.00000166041,"Sludge",10,"1899-12-31 10:15:00",NA,NA,"MAC_S_028_1",NA,"Polypropyleen",79.53,19.25,4.985,19.25,0.83,"BLUE","Foil","North Sea Port","Spotsampling","Mercatordok","North Sea Port",3.86158475426279,1.29092077922078,0.131780649349721,"Non-filaments","SC5","opaque","BLUE","BLUE/GREEN","films","films","polypropylene",NA,NA,NA
"29",31812,31812,"NSP_21_02","2021-05-18","North Sea Port (Insteekdok Zelzate)","MAC_S_029","Macroplastics (> 5 mm)","Sediment",NA,1.048166,0,0,NA,0,"Sand",6,"1899-12-31 12:30:00",NA,NA,NA,NA,NA,NA,NA,NA,NA,NA,NA,NA,"North Sea Port","Spotsampling","Insteekdok","North Sea Port",NA,NA,NA,NA,NA,NA,NA,"UNDEFINED",NA,NA,NA,NA,NA,NA
"30",31813,31813,"NSP_21_02","2021-05-18","North Sea Port (Kluizendok)","MAC_S_030","Macroplastics (> 5 mm)","Sediment",NA,0.747052,0,0,NA,0,"Sludge",5,"1899-12-31 14:00:00",NA,NA,NA,NA,NA,NA,NA,NA,NA,NA,NA,NA,"North Sea Port","Spotsampling","Kluizendok","North Sea Port",NA,NA,NA,NA,NA,NA,NA,"UNDEFINED",NA,NA,NA,NA,NA,NA
"31",31814,31814,"NP_20_04","2020-11-18","Port of Nieuwpoort (A)","MAC_S_031","Macroplastics (> 5 mm)","Sediment",NA,0.639511,0,0,NA,0,"Sludge+sand",3,"1899-12-31 10:40:00",NA,NA,NA,NA,NA,NA,NA,NA,NA,NA,NA,NA,"Port of Nieuwpoort","Spotsampling","Nieuwpoort (A)","Port of Nieuwpoort",NA,NA,NA,NA,NA,NA,NA,"UNDEFINED",NA,NA,NA,NA,NA,NA
"32",31815,31815,"NP_20_04","2020-11-18","Port of Nieuwpoort (B)","MAC_S_032","Macroplastics (> 5 mm)","Sediment",NA,0.349721,0,0,NA,0,"Sludge",4,"1899-12-31 11:48:00",NA,NA,NA,NA,NA,NA,NA,NA,NA,NA,NA,NA,"Port of Nieuwpoort","Spotsampling","Nieuwpoort (B)","Port of Nieuwpoort",NA,NA,NA,NA,NA,NA,NA,"UNDEFINED",NA,NA,NA,NA,NA,NA
"33",31816,31816,"NP_20_04","2020-11-18","Port of Nieuwpoort (C)","MAC_S_033","Macroplastics (> 5 mm)","Sediment",NA,0.400207,0,0,NA,0,"Sludge",4,"1899-12-31 12:30:00",NA,NA,NA,NA,NA,NA,NA,NA,NA,NA,NA,NA,"Port of Nieuwpoort","Spotsampling","Nieuwpoort (C)","Port of Nieuwpoort",NA,NA,NA,NA,NA,NA,NA,"UNDEFINED",NA,NA,NA,NA,NA,NA
"34",31817,31817,"AW_20_01","2020-11-19","Port of Antwerp (Schelde Rijn kanaal)","MAC_S_034","Macroplastics (> 5 mm)","Sediment",NA,0.795903,0,0,NA,0,"Sludge",6,"1899-12-31 13:30:00",NA,NA,NA,NA,NA,NA,NA,NA,NA,NA,NA,NA,"Port of Antwerp","Spotsampling","Schelde Rijn kanaal","Port of Antwerp",NA,NA,NA,NA,NA,NA,NA,"UNDEFINED",NA,NA,NA,NA,NA,NA
"35",31818,31818,"AW_20_01","2020-11-19","Port of Antwerp (Kanaaldok)","MAC_S_035","Macroplastics (> 5 mm)","Sediment",NA,0.405222,0,0,NA,0,"Sludge",4,"1899-12-31 11:30:00",NA,NA,NA,NA,NA,NA,NA,NA,NA,NA,NA,NA,"Port of Antwerp","Spotsampling","Kanaaldok","Port of Antwerp",NA,NA,NA,NA,NA,NA,NA,"UNDEFINED",NA,NA,NA,NA,NA,NA
"36",31819,31819,"SH_21_03a","2021-04-21","River Scheldt (Doel)","MAC_S_037","Macroplastics (> 5 mm)","Sediment",NA,12.9346375,1,0.00000056,NA,0.0000000432946,"Sludge",10,"1899-12-31 20:40:00",NA,NA,"MAC_S_037_1",NA,"Polystyreen",87.43,18.07,3.88,18.07,0.56,"TRANSPARENT","Foil","River Scheldt","Spotsampling","Doel","River Scheldt (Downstream)",4.65721649484536,0.8331156613171,0.0994970855249187,"Non-filaments","SC5","transparent/translucent","COLOURLESS","COLOURLESS","films","films","polystyrene",NA,NA,NA
"37",31820,31820,"SH_21_06a","2021-08-26","River Scheldt (Antwerpen)","MAC_S_038","Macroplastics (> 5 mm)","Sediment",NA,16.128825,0,0,NA,0,"Sand",7,"1899-12-31 10:45:00",NA,NA,NA,NA,NA,NA,NA,NA,NA,NA,NA,NA,"River Scheldt","Spotsampling","Antwerp","River Scheldt (Upstream)",NA,NA,NA,NA,NA,NA,NA,"UNDEFINED",NA,NA,NA,NA,NA,NA
"38",31821,31821,"OS_21_03","2021-04-27","Port of Oostende (B)","MAC_S_039","Macroplastics (> 5 mm)","Sediment",NA,17.431,1,0.004,NA,0.000229476,"Sludge",7,"1899-12-31 16:00:00",NA,NA,"MAC_S_039_1",NA,"Polyethyleen",88.63,64.7,0.32,64.7,4,"BLUE","Fiber","Port of Oostende","Spotsampling","Ostend (B)","Port of Ostend",202.1875,0.00158268933539413,0.000347831209146801,"Non-filaments","SC6","opaque","BLUE","BLUE/GREEN","filaments","filaments","polyethylene",NA,NA,NA
"39",31822,31822,"NP_20_01","2020-09-22","Port of Nieuwpoort (A)","MAC_S_040","Macroplastics (> 5 mm)","Sediment",NA,0.325817,0,0,NA,0,"Sand",4.5,"1899-12-31 12:35:00",NA,NA,NA,NA,NA,NA,NA,NA,NA,NA,NA,NA,"Port of Nieuwpoort","Spotsampling","Nieuwpoort (A)","Port of Nieuwpoort",NA,NA,NA,NA,NA,NA,NA,"UNDEFINED",NA,NA,NA,NA,NA,NA
"40",31823,31823,"NP_20_01","2020-09-22","Port of Nieuwpoort (B)","MAC_S_041","Macroplastics (> 5 mm)","Sediment",NA,0.298851,0,0,NA,0,"Sludge",4,"1899-12-31 13:20:00",NA,NA,NA,NA,NA,NA,NA,NA,NA,NA,NA,NA,"Port of Nieuwpoort","Spotsampling","Nieuwpoort (B)","Port of Nieuwpoort",NA,NA,NA,NA,NA,NA,NA,"UNDEFINED",NA,NA,NA,NA,NA,NA
"41",31824,31824,"NP_20_01","2020-09-22","Port of Nieuwpoort (C)","MAC_S_042","Macroplastics (> 5 mm)","Sediment",NA,0.876069,0,0,NA,0,"Sludge",1,"1899-12-31 11:30:00",NA,NA,NA,NA,NA,NA,NA,NA,NA,NA,NA,NA,"Port of Nieuwpoort","Spotsampling","Nieuwpoort (C)","Port of Nieuwpoort",NA,NA,NA,NA,NA,NA,NA,"UNDEFINED",NA,NA,NA,NA,NA,NA
"42",31825,31825,"OS_20_03","2020-09-24","Port of Oostende (A)","MAC_S_043","Macroplastics (> 5 mm)","Sediment",NA,0.406222,0,0,NA,0,"Sludge",9,"1899-12-31 10:06:00",NA,NA,NA,NA,NA,NA,NA,NA,NA,NA,NA,NA,"Port of Oostende","Spotsampling","Ostend (A)","Port of Ostend",NA,NA,NA,NA,NA,NA,NA,"UNDEFINED",NA,NA,NA,NA,NA,NA
"43",31826,31826,"OS_20_03","2020-09-24","Port of Oostende (B)","MAC_S_044","Macroplastics (> 5 mm)","Sediment",NA,0.353842,0,0,NA,0,"Sludge",10.5,"1899-12-31 11:12:00",NA,NA,NA,NA,NA,NA,NA,NA,NA,NA,NA,NA,"Port of Oostende","Spotsampling","Ostend (B)","Port of Ostend",NA,NA,NA,NA,NA,NA,NA,"UNDEFINED",NA,NA,NA,NA,NA,NA
"44",31827,31827,"OS_20_03","2020-09-24","Port of Oostende (C)","MAC_S_045","Macroplastics (> 5 mm)","Sediment",NA,0.827517,0,0,NA,0,"Sludge",6,"1899-12-31 10:45:00",NA,NA,NA,NA,NA,NA,NA,NA,NA,NA,NA,NA,"Port of Oostende","Spotsampling","Ostend (C)","Port of Ostend",NA,NA,NA,NA,NA,NA,NA,"UNDEFINED",NA,NA,NA,NA,NA,NA
"45",31828,31828,"SH_21_01a","2021-01-27","River Scheldt (Doel)","MAC_S_047","Macroplastics (> 5 mm)","Sediment",NA,0.50854,0,0,NA,0,"Sludge+sand",12,"1899-12-31 06:30:00",NA,NA,NA,NA,NA,NA,NA,NA,NA,NA,NA,NA,"River Scheldt","Spotsampling","Doel","River Scheldt (Downstream)",NA,NA,NA,NA,NA,NA,NA,"UNDEFINED",NA,NA,NA,NA,NA,NA
"46",31829,31829,"SH_21_01a","2021-01-27","River Scheldt (Antwerpen)","MAC_S_048","Macroplastics (> 5 mm)","Sediment",NA,0.757449,0,0,NA,0,"Sand",6,"1899-12-31 10:50:00",NA,NA,NA,NA,NA,NA,NA,NA,NA,NA,NA,NA,"River Scheldt","Spotsampling","Antwerp","River Scheldt (Upstream)",NA,NA,NA,NA,NA,NA,NA,"UNDEFINED",NA,NA,NA,NA,NA,NA
"47",31830,31830,"OS_21_03","2021-04-27","Port of Oostende (A)","MAC_S_049","Macroplastics (> 5 mm)","Sediment",NA,0.567738,0,0,NA,0,"Sludge",4,"1899-12-31 09:55:00",NA,NA,NA,NA,NA,NA,NA,NA,NA,NA,NA,NA,"Port of Oostende","Spotsampling","Ostend (A)","Port of Ostend",NA,NA,NA,NA,NA,NA,NA,"UNDEFINED",NA,NA,NA,NA,NA,NA
"48",31831,31831,"OS_21_03","2021-04-27","Port of Oostende (B)","MAC_S_050","Macroplastics (> 5 mm)","Sediment",NA,0.83462,0,0,NA,0,"Sludge",6,"1899-12-31 09:45:00",NA,NA,NA,NA,NA,NA,NA,NA,NA,NA,NA,NA,"Port of Oostende","Spotsampling","Ostend (B)","Port of Ostend",NA,NA,NA,NA,NA,NA,NA,"UNDEFINED",NA,NA,NA,NA,NA,NA
"49",31832,31832,"OS_21_03","2021-04-27","Port of Oostende (C)","MAC_S_051","Macroplastics (> 5 mm)","Sediment",NA,0.673291,0,0,NA,0,"Sludge",6,"1899-12-31 11:05:00",NA,NA,NA,NA,NA,NA,NA,NA,NA,NA,NA,NA,"Port of Oostende","Spotsampling","Ostend (C)","Port of Ostend",NA,NA,NA,NA,NA,NA,NA,"UNDEFINED",NA,NA,NA,NA,NA,NA
"50",31833,31833,"NP_21_02","2021-04-28","Port of Nieuwpoort (A)","MAC_S_052","Macroplastics (> 5 mm)","Sediment",NA,0.833002,0,0,NA,0,"Sand",9,"1899-12-31 10:30:00",NA,NA,NA,NA,NA,NA,NA,NA,NA,NA,NA,NA,"Port of Nieuwpoort","Spotsampling","Nieuwpoort (A)","Port of Nieuwpoort",NA,NA,NA,NA,NA,NA,NA,"UNDEFINED",NA,NA,NA,NA,NA,NA
"51",31834,31834,"NP_21_02","2021-04-28","Port of Nieuwpoort (B)","MAC_S_053","Macroplastics (> 5 mm)","Sediment",NA,0.76629,0,0,NA,0,"Sludge+sand",6,"1899-12-31 11:20:00",NA,NA,NA,NA,NA,NA,NA,NA,NA,NA,NA,NA,"Port of Nieuwpoort","Spotsampling","Nieuwpoort (B)","Port of Nieuwpoort",NA,NA,NA,NA,NA,NA,NA,"UNDEFINED",NA,NA,NA,NA,NA,NA
"52",31835,31835,"NP_21_02","2021-04-28","Port of Nieuwpoort (C)","MAC_S_054","Macroplastics (> 5 mm)","Sediment",NA,0.540987,0,0,NA,0,"Sludge",7,"1899-12-31 11:45:00",NA,NA,NA,NA,NA,NA,NA,NA,NA,NA,NA,NA,"Port of Nieuwpoort","Spotsampling","Nieuwpoort (C)","Port of Nieuwpoort",NA,NA,NA,NA,NA,NA,NA,"UNDEFINED",NA,NA,NA,NA,NA,NA
"53",31836,31836,"NP_21_03a","2021-06-28","Port of Nieuwpoort (A)","MAC_S_055","Macroplastics (> 5 mm)","Sediment",NA,0.97217,0,0,NA,0,"Sand",10,"1899-12-31 11:55:00",NA,NA,NA,NA,NA,NA,NA,NA,NA,NA,NA,NA,"Port of Nieuwpoort","Spotsampling","Nieuwpoort (A)","Port of Nieuwpoort",NA,NA,NA,NA,NA,NA,NA,"UNDEFINED",NA,NA,NA,NA,NA,NA
"54",31837,31837,"NP_21_03a","2021-06-28","Port of Nieuwpoort (B)","MAC_S_056","Macroplastics (> 5 mm)","Sediment",NA,0.46724,1,0.00000069,NA,0.00000147676,"Sludge",7,"1899-12-31 12:36:00",NA,NA,"MAC_S_056_1",NA,"Polyethyleen",92.54,6.35,2.22,6.35,0.69,"WHITE","Foil","Port of Nieuwpoort","Spotsampling","Nieuwpoort (B)","Port of Nieuwpoort",2.86036036036036,0.776125984251969,0.206713515885952,"Non-filaments","SC4","opaque","WHITE/CREAM","WHITE/CREAM","films","films","polyethylene",NA,NA,NA
"55",31838,31838,"NP_21_03a","2021-06-28","Port of Nieuwpoort (C)","MAC_S_057","Macroplastics (> 5 mm)","Sediment",NA,0.48519,0,0,NA,0,"Sludge",5,"1899-12-31 10:00:00",NA,NA,NA,NA,NA,NA,NA,NA,NA,NA,NA,NA,"Port of Nieuwpoort","Spotsampling","Nieuwpoort (C)","Port of Nieuwpoort",NA,NA,NA,NA,NA,NA,NA,"UNDEFINED",NA,NA,NA,NA,NA,NA
"56",31839,31839,"SH_21_04","2021-08-24","River Scheldt (Temse)","MAC_S_058","Macroplastics (> 5 mm)","Sediment",NA,NA,0,0,NA,0,"Sand",5,"1899-12-31 13:00:00",NA,NA,NA,NA,NA,NA,NA,NA,NA,NA,NA,NA,"River Scheldt","Spotsampling","Temse","River Scheldt (Upstream)",NA,NA,NA,NA,NA,NA,NA,"UNDEFINED",NA,NA,NA,NA,NA,NA
"57",31840,31840,"SH_21_05","2021-08-25","River Scheldt (Wintam)","MAC_S_059","Macroplastics (> 5 mm)","Sediment",NA,NA,0,0,NA,0,"Sludge+sand",10,"1899-12-31 07:30:00",NA,NA,NA,NA,NA,NA,NA,NA,NA,NA,NA,NA,"River Scheldt","Spotsampling","Wintam","River Scheldt (Upstream)",NA,NA,NA,NA,NA,NA,NA,"UNDEFINED",NA,NA,NA,NA,NA,NA
"58",31841,31841,"SH_21_07","2021-11-23","River Scheldt (Temse)","MAC_S_061","Macroplastics (> 5 mm)","Sediment",NA,NA,0,0,NA,0,"Sand",5,"1899-12-31 13:00:00",NA,NA,NA,NA,NA,NA,NA,NA,NA,NA,NA,NA,"River Scheldt","Spotsampling","Temse","River Scheldt (Upstream)",NA,NA,NA,NA,NA,NA,NA,"UNDEFINED",NA,NA,NA,NA,NA,NA
"59",31842,31842,"SH_21_08","2021-11-24","River Scheldt (Wintam)","MAC_S_062","Macroplastics (> 5 mm)","Sediment",NA,NA,0,0,NA,0,"Sand",10,"1899-12-31 07:30:00",NA,NA,NA,NA,NA,NA,NA,NA,NA,NA,NA,NA,"River Scheldt","Spotsampling","Wintam","River Scheldt (Upstream)",NA,NA,NA,NA,NA,NA,NA,"UNDEFINED",NA,NA,NA,NA,NA,NA
"60",31843,31843,"SH_21_09a","2021-11-25","River Scheldt (Antwerpen)","MAC_S_063","Macroplastics (> 5 mm)","Sediment",NA,NA,1,NA,NA,NA,"Sand",10,"1899-12-31 07:15:00",NA,NA,"MAC_S_063_1",NA,"Polyethyleen",NA,81.3,25.43,81.3,25.43,"TRANSPARENT","FOIL","River Scheldt","Spotsampling","Antwerp","River Scheldt (Upstream)",3.19701140385372,7.95430381303813,0.174937824689,"Non-filaments","SC6","transparent/translucent","COLOURLESS","COLOURLESS","films","films","polyethylene",NA,NA,NA
"61",31844,31844,"SH_22_01","2022-01-11","River Scheldt (Breskens)","MAC_S_064","Macroplastics (> 5 mm)","Sediment",NA,NA,0,0,NA,0,"Sand",14,"1899-12-31 12:55:00",NA,NA,NA,NA,NA,NA,NA,NA,NA,NA,NA,NA,"River Scheldt","Spotsampling","Breskens","River Scheldt (Downstream)",NA,NA,NA,NA,NA,NA,NA,"UNDEFINED",NA,NA,NA,NA,NA,NA
"62",31845,31845,"SH_22_01","2022-01-11","River Scheldt (Terneuzen)","MAC_S_065","Macroplastics (> 5 mm)","Sediment",NA,NA,0,0,NA,0,"Sand",27,"1899-12-31 14:30:00",NA,NA,NA,NA,NA,NA,NA,NA,NA,NA,NA,NA,"River Scheldt","Spotsampling","Terneuzen","River Scheldt (Downstream)",NA,NA,NA,NA,NA,NA,NA,"UNDEFINED",NA,NA,NA,NA,NA,NA
